datetime	Gg_pyr	flag_Gg_pyr	Gg_si_south	flag_Gg_si_south	Gg_si_east	flag_Gg_si_east	Gg_si_west	flag_Gg_si_west	T_pyr	flag_T_pyr	flag_shading
2022-07-10T00:00	0.0	0	0.0	0	0.0	0	0.0	0	15.8	0	0
2022-07-10T00:01	0.0	0	0.0	0	0.0	0	0.0	0	15.8	0	0
2022-07-10T00:02	0.0	0	0.0	0	0.0	0	0.0	0	15.8	0	0
2022-07-10T00:03	0.0	0	0.0	0	0.0	0	0.0	0	15.8	0	0
2022-07-10T00:04	0.0	0	0.0	0	0.0	0	0.0	0	15.8	0	0
2022-07-10T00:05	0.0	0	0.0	0	0.0	0	0.0	0	15.7	0	0
2022-07-10T00:06	0.0	0	0.0	0	0.0	0	0.0	0	15.8	0	0
2022-07-10T00:07	0.0	0	0.0	0	0.0	0	0.0	0	15.8	0	0
2022-07-10T00:08	0.0	0	0.0	0	0.0	0	0.0	0	15.8	0	0
2022-07-10T00:09	0.0	0	0.0	0	0.0	0	0.0	0	15.8	0	0
2022-07-10T00:10	0.0	0	0.0	0	0.0	0	0.0	0	15.8	0	0
2022-07-10T00:11	0.0	0	0.0	0	0.0	0	0.0	0	15.8	0	0
2022-07-10T00:12	0.0	0	0.0	0	0.0	0	0.0	0	15.8	0	0
2022-07-10T00:13	0.0	0	0.0	0	0.0	0	0.0	0	15.8	0	0
2022-07-10T00:14	0.0	0	0.0	0	0.0	0	0.0	0	15.8	0	0
2022-07-10T00:15	0.0	0	0.0	0	0.0	0	0.0	0	15.8	0	0
2022-07-10T00:16	0.0	0	0.0	0	0.0	0	0.0	0	15.7	0	0
2022-07-10T00:17	0.0	0	0.0	0	0.0	0	0.0	0	15.7	0	0
2022-07-10T00:18	0.0	0	0.0	0	0.0	0	0.0	0	15.7	0	0
2022-07-10T00:19	0.0	0	0.0	0	0.0	0	0.0	0	15.7	0	0
2022-07-10T00:20	0.0	0	0.0	0	0.0	0	0.0	0	15.7	0	0
2022-07-10T00:21	0.0	0	0.0	0	0.0	0	0.0	0	15.7	0	0
2022-07-10T00:22	0.0	0	0.0	0	0.0	0	0.0	0	15.7	0	0
2022-07-10T00:23	0.0	0	0.0	0	0.0	0	0.0	0	15.7	0	0
2022-07-10T00:24	0.0	0	0.0	0	0.0	0	0.0	0	15.7	0	0
2022-07-10T00:25	0.0	0	0.0	0	0.0	0	0.0	0	15.7	0	0
2022-07-10T00:26	0.0	0	0.0	0	0.0	0	0.0	0	15.7	0	0
2022-07-10T00:27	0.0	0	0.0	0	0.0	0	0.0	0	15.7	0	0
2022-07-10T00:28	0.0	0	0.0	0	0.0	0	0.0	0	15.7	0	0
2022-07-10T00:29	0.0	0	0.0	0	0.0	0	0.0	0	15.7	0	0
2022-07-10T00:30	0.0	0	0.0	0	0.0	0	0.0	0	15.7	0	0
2022-07-10T00:31	0.0	0	0.0	0	0.0	0	0.0	0	15.7	0	0
2022-07-10T00:32	0.0	0	0.0	0	0.0	0	0.0	0	15.7	0	0
2022-07-10T00:33	0.0	0	0.0	0	0.0	0	0.0	0	15.7	0	0
2022-07-10T00:34	0.0	0	0.0	0	0.0	0	0.0	0	15.7	0	0
2022-07-10T00:35	0.0	0	0.0	0	0.0	0	0.0	0	15.7	0	0
2022-07-10T00:36	0.0	0	0.0	0	0.0	0	0.0	0	15.7	0	0
2022-07-10T00:37	0.0	0	0.0	0	0.0	0	0.0	0	15.7	0	0
2022-07-10T00:38	0.0	0	0.0	0	0.0	0	0.0	0	15.7	0	0
2022-07-10T00:39	0.0	0	0.0	0	0.0	0	0.0	0	15.7	0	0
2022-07-10T00:40	0.0	0	0.0	0	0.0	0	0.0	0	15.7	0	0
2022-07-10T00:41	0.0	0	0.0	0	0.0	0	0.0	0	15.7	0	0
2022-07-10T00:42	0.0	0	0.0	0	0.0	0	0.0	0	15.7	0	0
2022-07-10T00:43	0.0	0	0.0	0	0.0	0	0.0	0	15.7	0	0
2022-07-10T00:44	0.0	0	0.0	0	0.0	0	0.0	0	15.7	0	0
2022-07-10T00:45	0.0	0	0.0	0	0.0	0	0.0	0	15.7	0	0
2022-07-10T00:46	0.0	0	0.0	0	0.0	0	0.0	0	15.7	0	0
2022-07-10T00:47	0.0	0	0.0	0	0.0	0	0.0	0	15.7	0	0
2022-07-10T00:48	0.0	0	0.0	0	0.0	0	0.0	0	15.8	0	0
2022-07-10T00:49	0.0	0	0.0	0	0.0	0	0.0	0	15.8	0	0
2022-07-10T00:50	0.0	0	0.0	0	0.0	0	0.0	0	15.8	0	0
2022-07-10T00:51	0.0	0	0.0	0	0.0	0	0.0	0	15.8	0	0
2022-07-10T00:52	0.0	0	0.0	0	0.0	0	0.0	0	15.8	0	0
2022-07-10T00:53	0.0	0	0.0	0	0.0	0	0.0	0	15.8	0	0
2022-07-10T00:54	0.0	0	0.0	0	0.0	0	0.0	0	15.8	0	0
2022-07-10T00:55	0.0	0	0.0	0	0.0	0	0.0	0	15.8	0	0
2022-07-10T00:56	0.0	0	0.0	0	0.0	0	0.0	0	15.8	0	0
2022-07-10T00:57	0.0	0	0.0	0	0.0	0	0.0	0	15.8	0	0
2022-07-10T00:58	0.0	0	0.0	0	0.0	0	0.0	0	15.8	0	0
2022-07-10T00:59	0.0	0	0.0	0	0.0	0	0.0	0	15.8	0	0
2022-07-10T01:00	0.0	0	0.0	0	0.0	0	0.0	0	15.7	0	0
2022-07-10T01:01	0.0	0	0.0	0	0.0	0	0.0	0	15.7	0	0
2022-07-10T01:02	0.0	0	0.0	0	0.0	0	0.0	0	15.7	0	0
2022-07-10T01:03	0.0	0	0.0	0	0.0	0	0.0	0	15.7	0	0
2022-07-10T01:04	0.0	0	0.0	0	0.0	0	0.0	0	15.7	0	0
2022-07-10T01:05	0.0	0	0.0	0	0.0	0	0.0	0	15.7	0	0
2022-07-10T01:06	0.0	0	0.0	0	0.0	0	0.0	0	15.7	0	0
2022-07-10T01:07	0.0	0	0.0	0	0.0	0	0.0	0	15.6	0	0
2022-07-10T01:08	0.0	0	0.0	0	0.0	0	0.0	0	15.6	0	0
2022-07-10T01:09	0.0	0	0.0	0	0.0	0	0.0	0	15.6	0	0
2022-07-10T01:10	0.0	0	0.0	0	0.0	0	0.0	0	15.6	0	0
2022-07-10T01:11	0.0	0	0.0	0	0.0	0	0.0	0	15.5	0	0
2022-07-10T01:12	0.0	0	0.0	0	0.0	0	0.0	0	15.5	0	0
2022-07-10T01:13	0.0	0	0.0	0	0.0	0	0.0	0	15.5	0	0
2022-07-10T01:14	0.0	0	0.0	0	0.0	0	0.0	0	15.5	0	0
2022-07-10T01:15	0.0	0	0.0	0	0.0	0	0.0	0	15.5	0	0
2022-07-10T01:16	0.0	0	0.0	0	0.0	0	0.0	0	15.4	0	0
2022-07-10T01:17	0.0	0	0.0	0	0.0	0	0.0	0	15.4	0	0
2022-07-10T01:18	0.0	0	0.0	0	0.0	0	0.0	0	15.4	0	0
2022-07-10T01:19	0.0	0	0.0	0	0.0	0	0.0	0	15.4	0	0
2022-07-10T01:20	0.0	0	0.0	0	0.0	0	0.0	0	15.4	0	0
2022-07-10T01:21	0.0	0	0.0	0	0.0	0	0.0	0	15.4	0	0
2022-07-10T01:22	0.0	0	0.0	0	0.0	0	0.0	0	15.3	0	0
2022-07-10T01:23	0.0	0	0.0	0	0.0	0	0.0	0	15.3	0	0
2022-07-10T01:24	0.0	0	0.0	0	0.0	0	0.0	0	15.3	0	0
2022-07-10T01:25	0.0	0	0.0	0	0.0	0	0.0	0	15.3	0	0
2022-07-10T01:26	0.0	0	0.0	0	0.0	0	0.0	0	15.3	0	0
2022-07-10T01:27	0.0	0	0.0	0	0.0	0	0.0	0	15.3	0	0
2022-07-10T01:28	0.0	0	0.0	0	0.0	0	0.0	0	15.3	0	0
2022-07-10T01:29	0.0	0	0.0	0	0.0	0	0.0	0	15.3	0	0
2022-07-10T01:30	0.0	0	0.0	0	0.0	0	0.0	0	15.3	0	0
2022-07-10T01:31	0.0	0	0.0	0	0.0	0	0.0	0	15.2	0	0
2022-07-10T01:32	0.0	0	0.0	0	0.0	0	0.0	0	15.2	0	0
2022-07-10T01:33	0.0	0	0.0	0	0.0	0	0.0	0	15.2	0	0
2022-07-10T01:34	0.0	0	0.0	0	0.0	0	0.0	0	15.2	0	0
2022-07-10T01:35	0.0	0	0.0	0	0.0	0	0.0	0	15.2	0	0
2022-07-10T01:36	0.0	0	0.0	0	0.0	0	0.0	0	15.2	0	0
2022-07-10T01:37	0.0	0	0.0	0	0.0	0	0.0	0	15.2	0	0
2022-07-10T01:38	0.0	0	0.0	0	0.0	0	0.0	0	15.2	0	0
2022-07-10T01:39	0.0	0	0.0	0	0.0	0	0.0	0	15.1	0	0
2022-07-10T01:40	0.0	0	0.0	0	0.0	0	0.0	0	15.1	0	0
2022-07-10T01:41	0.0	0	0.0	0	0.0	0	0.0	0	15.1	0	0
2022-07-10T01:42	0.0	0	0.0	0	0.0	0	0.0	0	15.1	0	0
2022-07-10T01:43	0.0	0	0.0	0	0.0	0	0.0	0	15.1	0	0
2022-07-10T01:44	0.0	0	0.0	0	0.0	0	0.0	0	15.1	0	0
2022-07-10T01:45	0.0	0	0.0	0	0.0	0	0.0	0	15.1	0	0
2022-07-10T01:46	0.0	0	0.0	0	0.0	0	0.0	0	15.1	0	0
2022-07-10T01:47	0.0	0	0.0	0	0.0	0	0.0	0	15.1	0	0
2022-07-10T01:48	0.0	0	0.0	0	0.0	0	0.0	0	15.1	0	0
2022-07-10T01:49	0.0	0	0.0	0	0.0	0	0.0	0	15.1	0	0
2022-07-10T01:50	0.0	0	0.0	0	0.0	0	0.0	0	15.1	0	0
2022-07-10T01:51	0.0	0	0.0	0	0.0	0	0.0	0	15.1	0	0
2022-07-10T01:52	0.0	0	0.0	0	0.0	0	0.0	0	15.1	0	0
2022-07-10T01:53	0.0	0	0.0	0	0.0	0	0.0	0	15.1	0	0
2022-07-10T01:54	0.0	0	0.0	0	0.0	0	0.0	0	15.1	0	0
2022-07-10T01:55	0.0	0	0.0	0	0.0	0	0.0	0	15.1	0	0
2022-07-10T01:56	0.0	0	0.0	0	0.0	0	0.0	0	15.1	0	0
2022-07-10T01:57	0.0	0	0.0	0	0.0	0	0.0	0	15.1	0	0
2022-07-10T01:58	0.0	0	0.0	0	0.0	0	0.0	0	15.1	0	0
2022-07-10T01:59	0.0	0	0.0	0	0.0	0	0.0	0	15.1	0	0
2022-07-10T02:00	0.0	0	0.0	0	0.0	0	0.0	0	15.1	0	0
2022-07-10T02:01	0.0	0	0.0	0	0.0	0	0.0	0	15.1	0	0
2022-07-10T02:02	0.0	0	0.0	0	0.0	0	0.0	0	15.1	0	0
2022-07-10T02:03	0.0	0	0.0	0	0.0	0	0.0	0	15.2	0	0
2022-07-10T02:04	0.0	0	0.0	0	0.0	0	0.0	0	15.2	0	0
2022-07-10T02:05	0.0	0	0.0	0	0.0	0	0.0	0	15.2	0	0
2022-07-10T02:06	0.0	0	0.0	0	0.0	0	0.0	0	15.2	0	0
2022-07-10T02:07	0.0	0	0.0	0	0.0	0	0.0	0	15.2	0	0
2022-07-10T02:08	0.0	0	0.0	0	0.0	0	0.0	0	15.2	0	0
2022-07-10T02:09	0.0	0	0.0	0	0.0	0	0.0	0	15.2	0	0
2022-07-10T02:10	0.0	0	0.0	0	0.0	0	0.0	0	15.3	0	0
2022-07-10T02:11	0.0	0	0.0	0	0.0	0	0.0	0	15.3	0	0
2022-07-10T02:12	0.0	0	0.0	0	0.0	0	0.0	0	15.3	0	0
2022-07-10T02:13	0.0	0	0.0	0	0.0	0	0.0	0	15.3	0	0
2022-07-10T02:14	0.0	0	0.0	0	0.0	0	0.0	0	15.3	0	0
2022-07-10T02:15	0.0	0	0.0	0	0.0	0	0.0	0	15.3	0	0
2022-07-10T02:16	0.0	0	0.0	0	0.0	0	0.0	0	15.3	0	0
2022-07-10T02:17	0.0	0	0.0	0	0.0	0	0.0	0	15.3	0	0
2022-07-10T02:18	0.0	0	0.0	0	0.0	0	0.0	0	15.3	0	0
2022-07-10T02:19	0.0	0	0.0	0	0.0	0	0.0	0	15.3	0	0
2022-07-10T02:20	0.0	0	0.0	0	0.0	0	0.0	0	15.2	0	0
2022-07-10T02:21	0.0	0	0.0	0	0.0	0	0.0	0	15.2	0	0
2022-07-10T02:22	0.0	0	0.0	0	0.0	0	0.0	0	15.2	0	0
2022-07-10T02:23	0.0	0	0.0	0	0.0	0	0.0	0	15.2	0	0
2022-07-10T02:24	0.0	0	0.0	0	0.0	0	0.0	0	15.2	0	0
2022-07-10T02:25	0.0	0	0.0	0	0.0	0	0.0	0	15.2	0	0
2022-07-10T02:26	0.0	0	0.0	0	0.0	0	0.0	0	15.3	0	0
2022-07-10T02:27	0.0	0	0.0	0	0.0	0	0.0	0	15.3	0	0
2022-07-10T02:28	0.0	0	0.0	0	0.0	0	0.0	0	15.3	0	0
2022-07-10T02:29	0.0	0	0.0	0	0.0	0	0.0	0	15.3	0	0
2022-07-10T02:30	0.0	0	0.0	0	0.0	0	0.0	0	15.3	0	0
2022-07-10T02:31	0.0	0	0.0	0	0.0	0	0.0	0	15.3	0	0
2022-07-10T02:32	0.0	0	0.0	0	0.0	0	0.0	0	15.3	0	0
2022-07-10T02:33	0.0	0	0.0	0	0.0	0	0.0	0	15.3	0	0
2022-07-10T02:34	0.0	0	0.0	0	0.0	0	0.0	0	15.3	0	0
2022-07-10T02:35	0.0	0	0.0	0	0.0	0	0.0	0	15.3	0	0
2022-07-10T02:36	0.0	0	0.0	0	0.0	0	0.0	0	15.3	0	0
2022-07-10T02:37	0.0	0	0.0	0	0.0	0	0.0	0	15.3	0	0
2022-07-10T02:38	0.0	0	0.0	0	0.0	0	0.0	0	15.3	0	0
2022-07-10T02:39	0.0	0	0.0	0	0.0	0	0.0	0	15.3	0	0
2022-07-10T02:40	0.0	0	0.0	0	0.0	0	0.0	0	15.3	0	0
2022-07-10T02:41	0.0	0	0.0	0	0.0	0	0.0	0	15.3	0	0
2022-07-10T02:42	0.0	0	0.0	0	0.0	0	0.0	0	15.3	0	0
2022-07-10T02:43	0.0	0	0.0	0	0.0	0	0.0	0	15.2	0	0
2022-07-10T02:44	0.0	0	0.0	0	0.0	0	0.0	0	15.2	0	0
2022-07-10T02:45	0.0	0	0.0	0	0.0	0	0.0	0	15.2	0	0
2022-07-10T02:46	0.0	0	0.0	0	0.0	0	0.0	0	15.2	0	0
2022-07-10T02:47	0.0	0	0.0	0	0.0	0	0.0	0	15.2	0	0
2022-07-10T02:48	0.0	0	0.0	0	0.0	0	0.0	0	15.2	0	0
2022-07-10T02:49	0.0	0	0.0	0	0.0	0	0.0	0	15.2	0	0
2022-07-10T02:50	0.0	0	0.0	0	0.0	0	0.0	0	15.2	0	0
2022-07-10T02:51	0.0	0	0.0	0	0.0	0	0.0	0	15.2	0	0
2022-07-10T02:52	0.0	0	0.0	0	0.0	0	0.0	0	15.1	0	0
2022-07-10T02:53	0.0	0	0.0	0	0.0	0	0.0	0	15.1	0	0
2022-07-10T02:54	0.0	0	0.0	0	0.0	0	0.0	0	15.1	0	0
2022-07-10T02:55	0.0	0	0.0	0	0.0	0	0.0	0	15.1	0	0
2022-07-10T02:56	0.0	0	0.0	0	0.0	0	0.0	0	15.1	0	0
2022-07-10T02:57	0.0	0	0.0	0	0.0	0	0.0	0	15.0	0	0
2022-07-10T02:58	0.0	0	0.0	0	0.0	0	0.0	0	15.0	0	0
2022-07-10T02:59	0.0	0	0.0	0	0.0	0	0.0	0	15.0	0	0
2022-07-10T03:00	0.0	0	0.0	0	0.0	0	0.0	0	15.0	0	0
2022-07-10T03:01	0.0	0	0.0	0	0.0	0	0.0	0	15.0	0	0
2022-07-10T03:02	0.0	0	0.0	0	0.0	0	0.0	0	15.0	0	0
2022-07-10T03:03	0.0	0	0.0	0	0.1	0	0.0	0	15.0	0	0
2022-07-10T03:04	0.0	0	0.0	0	0.1	0	0.0	0	15.0	0	0
2022-07-10T03:05	0.0	0	0.0	0	0.1	0	0.0	0	15.0	0	0
2022-07-10T03:06	0.0	0	0.0	0	0.3	0	0.0	0	15.0	0	0
2022-07-10T03:07	0.0	0	0.0	0	0.5	0	0.0	0	15.0	0	0
2022-07-10T03:08	0.0	0	0.0	0	1.1	0	0.0	0	15.0	0	0
2022-07-10T03:09	0.0	0	0.0	0	1.5	0	0.0	0	15.0	0	0
2022-07-10T03:10	0.0	0	0.0	0	1.5	0	0.0	0	15.0	0	0
2022-07-10T03:11	0.0	0	0.0	0	1.5	0	0.0	0	15.0	0	0
2022-07-10T03:12	0.0	0	0.0	0	1.5	0	0.0	0	15.0	0	0
2022-07-10T03:13	0.0	0	0.2	0	1.5	0	0.0	0	15.0	0	0
2022-07-10T03:14	0.0	0	0.6	0	1.5	0	0.0	0	15.0	0	0
2022-07-10T03:15	0.0	0	0.9	0	1.5	0	0.0	0	15.0	0	0
2022-07-10T03:16	0.0	0	1.1	0	1.6	0	0.0	0	15.0	0	0
2022-07-10T03:17	0.0	0	1.3	0	1.8	0	0.2	0	15.0	0	0
2022-07-10T03:18	0.0	0	1.5	0	2.2	0	0.5	0	15.0	0	0
2022-07-10T03:19	0.0	0	1.6	0	2.8	0	1.1	0	14.9	0	0
2022-07-10T03:20	0.0	0	1.6	0	3.1	0	1.5	0	14.9	0	0
2022-07-10T03:21	0.0	0	1.6	0	3.1	0	1.6	0	14.9	0	0
2022-07-10T03:22	0.0	0	1.6	0	3.1	0	1.6	0	14.9	0	0
2022-07-10T03:23	0.0	0	1.6	0	3.1	0	1.6	0	14.9	0	0
2022-07-10T03:24	0.0	0	1.6	0	3.3	0	1.6	0	14.9	0	0
2022-07-10T03:25	0.1	0	2.1	0	3.6	0	1.6	0	14.8	0	0
2022-07-10T03:26	1.0	0	2.5	0	3.8	0	1.6	0	14.8	0	0
2022-07-10T03:27	1.0	0	2.7	0	3.9	0	1.6	0	14.8	0	0
2022-07-10T03:28	1.0	0	3.0	0	4.0	0	1.9	0	14.7	0	0
2022-07-10T03:29	1.0	0	3.2	0	4.2	0	2.4	0	14.7	0	0
2022-07-10T03:30	1.5	0	3.2	0	4.5	0	3.1	0	14.7	0	0
2022-07-10T03:31	2.0	0	3.2	0	4.7	0	3.2	0	14.7	0	0
2022-07-10T03:32	2.0	0	3.2	0	5.0	0	3.2	0	14.7	0	0
2022-07-10T03:33	2.0	0	3.5	0	5.2	0	3.2	0	14.7	0	0
2022-07-10T03:34	2.9	0	3.8	0	5.4	0	3.2	0	14.7	0	0
2022-07-10T03:35	3.0	0	4.1	0	5.5	0	3.4	0	14.7	0	0
2022-07-10T03:36	3.6	0	4.4	0	5.9	0	4.0	0	14.7	0	0
2022-07-10T03:37	4.0	0	4.7	0	6.4	0	4.7	0	14.6	0	0
2022-07-10T03:38	4.8	0	5.1	0	7.2	0	4.8	0	14.6	0	2
2022-07-10T03:39	5.1	0	5.4	0	7.8	0	4.9	0	14.6	0	2
2022-07-10T03:40	6.0	0	5.7	0	8.4	0	5.4	0	14.6	0	2
2022-07-10T03:41	6.7	0	6.4	0	9.1	0	6.0	0	14.6	0	2
2022-07-10T03:42	7.6	0	7.2	0	10.2	0	6.7	0	14.6	0	2
2022-07-10T03:43	8.8	0	8.0	0	11.5	0	7.2	0	14.6	0	2
2022-07-10T03:44	9.5	0	8.9	0	12.4	0	7.7	0	14.6	0	2
2022-07-10T03:45	10.0	0	9.4	0	13.1	0	7.9	0	14.6	0	2
2022-07-10T03:46	10.0	0	9.7	0	13.4	0	8.0	0	14.6	0	2
2022-07-10T03:47	10.0	0	9.8	0	13.6	0	8.0	0	14.6	0	2
2022-07-10T03:48	10.0	0	10.0	0	13.7	0	8.2	0	14.6	0	2
2022-07-10T03:49	10.8	0	10.4	0	14.1	0	8.7	0	14.6	0	2
2022-07-10T03:50	11.5	0	11.1	0	14.9	0	9.3	0	14.6	0	2
2022-07-10T03:51	12.0	0	11.8	0	15.4	0	9.8	0	14.6	0	2
2022-07-10T03:52	12.0	0	11.9	0	15.5	0	9.9	0	14.6	0	2
2022-07-10T03:53	12.9	0	12.0	0	15.9	0	10.2	0	14.6	0	2
2022-07-10T03:54	13.1	0	12.2	0	16.2	0	10.9	0	14.6	0	2
2022-07-10T03:55	14.0	0	12.7	0	16.6	0	11.5	0	14.6	0	2
2022-07-10T03:56	14.7	0	13.4	0	17.3	0	12.4	0	14.6	0	2
2022-07-10T03:57	16.4	0	14.5	0	18.5	0	13.8	0	14.6	0	2
2022-07-10T03:58	17.8	0	15.5	0	19.8	0	14.9	0	14.6	0	2
2022-07-10T03:59	19.3	0	16.9	0	20.9	0	16.0	0	14.6	0	2
2022-07-10T04:00	20.6	0	18.4	0	22.0	0	17.1	0	14.6	0	2
2022-07-10T04:01	21.6	0	19.8	0	22.9	0	17.7	0	14.6	0	2
2022-07-10T04:02	22.0	0	20.4	0	23.5	0	17.8	0	14.7	0	0
2022-07-10T04:03	22.0	0	20.7	0	23.6	0	17.5	0	14.7	0	0
2022-07-10T04:04	21.1	0	20.4	0	23.5	0	17.1	0	14.7	0	0
2022-07-10T04:05	21.0	0	20.5	0	23.3	0	16.8	0	14.7	0	0
2022-07-10T04:06	21.0	0	20.5	0	23.2	0	16.9	0	14.7	0	0
2022-07-10T04:07	21.4	0	20.7	0	23.4	0	17.1	0	14.7	0	0
2022-07-10T04:08	22.2	0	20.9	0	24.3	0	17.7	0	14.7	0	0
2022-07-10T04:09	23.5	0	21.2	0	25.4	0	18.4	0	14.8	0	0
2022-07-10T04:10	24.2	0	21.4	0	26.5	0	18.8	0	14.8	0	0
2022-07-10T04:11	25.0	0	21.1	0	27.0	0	18.8	0	14.8	0	0
2022-07-10T04:12	25.1	0	21.5	0	28.0	0	18.9	0	14.8	0	0
2022-07-10T04:13	26.0	0	22.1	0	28.9	0	19.3	0	14.8	0	0
2022-07-10T04:14	26.5	0	22.7	0	29.8	0	19.8	0	14.8	0	0
2022-07-10T04:15	28.1	0	24.3	0	31.6	0	21.1	0	14.8	0	0
2022-07-10T04:16	30.3	0	26.7	0	34.4	0	22.9	0	14.8	0	0
2022-07-10T04:17	32.6	0	29.6	0	37.3	0	24.4	0	14.8	0	0
2022-07-10T04:18	34.8	0	30.9	0	40.3	0	25.8	0	14.9	0	0
2022-07-10T04:19	36.5	0	32.8	0	42.1	0	27.4	0	14.9	0	0
2022-07-10T04:20	37.9	0	34.0	0	43.4	0	28.6	0	14.9	0	0
2022-07-10T04:21	38.9	0	35.0	0	44.0	0	29.8	0	14.9	0	0
2022-07-10T04:22	39.0	0	35.2	0	43.9	0	30.5	0	14.9	0	0
2022-07-10T04:23	38.2	0	34.1	0	42.3	0	30.3	0	14.9	0	0
2022-07-10T04:24	36.8	0	32.7	0	40.3	0	29.8	0	14.9	0	0
2022-07-10T04:25	36.0	0	31.8	0	38.6	0	29.9	0	15.0	0	0
2022-07-10T04:26	36.0	0	31.9	0	38.2	0	30.5	0	15.0	0	0
2022-07-10T04:27	36.0	0	31.6	0	38.5	0	30.6	0	15.0	0	0
2022-07-10T04:28	35.5	0	31.9	0	37.9	0	30.4	0	15.0	0	0
2022-07-10T04:29	35.0	0	31.6	0	37.1	0	30.5	0	15.0	0	0
2022-07-10T04:30	35.0	0	32.1	0	36.9	0	30.9	0	15.0	0	0
2022-07-10T04:31	36.2	0	33.0	0	37.8	0	31.7	0	15.0	0	0
2022-07-10T04:32	37.8	0	34.6	0	39.6	0	33.1	0	15.0	0	0
2022-07-10T04:33	40.1	0	36.0	0	42.0	0	34.8	0	15.1	0	0
2022-07-10T04:34	42.7	0	38.0	0	44.9	0	36.7	0	15.1	0	0
2022-07-10T04:35	45.7	0	40.6	0	48.8	0	38.4	0	15.1	0	0
2022-07-10T04:36	48.6	0	42.5	0	52.7	0	39.5	0	15.1	0	0
2022-07-10T04:37	50.9	0	44.2	0	56.0	0	40.0	0	15.1	0	0
2022-07-10T04:38	52.0	0	44.5	0	58.1	0	39.3	0	15.1	0	0
2022-07-10T04:39	50.4	0	43.5	0	57.6	0	37.6	0	15.1	0	0
2022-07-10T04:40	48.2	0	41.5	0	55.7	0	35.4	0	15.1	0	0
2022-07-10T04:41	46.6	0	39.6	0	54.5	0	34.0	0	15.1	0	0
2022-07-10T04:42	45.7	0	38.2	0	54.4	0	33.0	0	15.1	0	0
2022-07-10T04:43	45.9	0	37.1	0	56.8	0	32.2	0	15.0	0	0
2022-07-10T04:44	46.9	0	36.1	0	60.5	0	32.0	0	15.0	0	0
2022-07-10T04:45	53.2	0	35.8	0	77.1	0	32.4	0	15.0	0	0
2022-07-10T04:46	51.1	0	36.2	0	74.2	0	31.5	0	15.0	0	0
2022-07-10T04:47	31.6	0	36.0	0	69.8	0	30.7	0	15.0	0	0
2022-07-10T04:48	21.3	0	36.3	0	75.6	0	30.9	0	15.0	0	0
2022-07-10T04:49	31.6	0	36.7	0	105.8	0	31.9	0	15.0	0	0
2022-07-10T04:50	26.1	0	40.7	0		3	34.4	0	15.0	0	0
2022-07-10T04:51	22.6	0	40.5	0	126.3	0	33.5	0	15.0	0	0
2022-07-10T04:52	25.1	0	41.2	0	87.8	0	34.2	0	15.0	0	0
2022-07-10T04:53	25.3	0	43.1	0	111.0	0	35.5	0	15.0	0	0
2022-07-10T04:54	24.9	0	44.9	0	212.7	0	37.2	0	15.0	0	0
2022-07-10T04:55	24.4	0	44.8	0	103.8	0	37.6	0	15.0	0	0
2022-07-10T04:56	86.1	0	48.2	0	156.1	0	41.4	0	15.0	0	0
2022-07-10T04:57	119.0	0	48.5	0	225.8	0	43.0	0	15.0	0	0
2022-07-10T04:58	133.0	0	50.2	0	262.8	0	44.0	0	15.0	0	0
2022-07-10T04:59	85.0	0	49.0	0	137.8	0	43.7	0	15.0	0	0
2022-07-10T05:00	71.0	0	49.2	0	101.1	0	45.1	0	15.0	0	0
2022-07-10T05:01	74.8	0	50.6	0	107.9	0	46.7	0	15.0	0	0
2022-07-10T05:02	71.2	0	50.0	0	99.8	0	46.0	0	15.0	0	0
2022-07-10T05:03	69.0	0	48.4	0	96.8	0	45.6	0	15.0	0	0
2022-07-10T05:04	109.4	0	53.2	0	208.4	0	49.0	0	15.0	0	0
2022-07-10T05:05	103.7	0	57.0	0	201.3	0	51.0	0	15.0	0	0
2022-07-10T05:06	82.0	0	59.6	0	120.6	0	53.5	0	15.0	0	0
2022-07-10T05:07	96.8	0	65.8	0	188.7	0	57.1	0	15.1	0	0
2022-07-10T05:08	104.0	0	70.3	0	267.8	0	58.1	0	15.1	0	0
2022-07-10T05:09	91.1	0	68.9	0	175.7	0	58.1	0	15.1	0	0
2022-07-10T05:10	104.7	0	81.4	0		3	62.8	0	15.1	0	0
2022-07-10T05:11	115.1	0	97.8	0		3	71.0	0	15.2	0	0
2022-07-10T05:12	120.0	0	109.2	0		3	75.3	0	15.3	0	0
2022-07-10T05:13	108.2	0	101.8	0		3	66.5	0	15.3	0	0
2022-07-10T05:14	95.9	0	90.5	0		3	58.0	0	15.4	0	0
2022-07-10T05:15	85.1	0	78.8	0		3	53.9	0	15.4	0	0
2022-07-10T05:16	78.2	0	66.1	0	141.1	0	52.7	0	15.5	0	0
2022-07-10T05:17	76.8	0	64.8	0	102.3	0	53.3	0	15.5	0	0
2022-07-10T05:18	79.1	0	66.9	0	104.5	0	53.5	0	15.5	0	0
2022-07-10T05:19	78.0	0	67.1	0	102.9	0	52.1	0	15.5	0	0
2022-07-10T05:20	75.7	0	64.4	0	99.5	0	49.7	0	15.5	0	0
2022-07-10T05:21	74.0	0	61.3	0	97.9	0	48.4	0	15.5	0	0
2022-07-10T05:22	77.7	0	61.0	0	103.2	0	49.3	0	15.4	0	0
2022-07-10T05:23	91.6	0	68.0	0	127.0	0	53.6	0	15.4	0	0
2022-07-10T05:24	88.1	0	66.5	0	118.6	0	52.7	0	15.4	0	0
2022-07-10T05:25	107.3	0	68.4	0	170.0	0	51.7	0	15.3	0	0
2022-07-10T05:26	172.4	0	85.2	0	313.9	0	53.3	0	15.3	0	0
2022-07-10T05:27	175.7	0	88.8	0	317.1	0	53.9	0	15.3	0	0
2022-07-10T05:28	114.2	0	72.8	0	185.6	0	51.7	0	15.3	0	0
2022-07-10T05:29	84.4	0	64.2	0	118.3	0	49.9	0	15.3	0	0
2022-07-10T05:30	86.7	0	66.3	0	125.0	0	49.3	0	15.4	0	0
2022-07-10T05:31	129.2	0	83.7	0	215.9	0	50.4	0	15.4	0	0
2022-07-10T05:32	170.4	0	100.1	0	303.9	0	50.9	0	15.4	0	0
2022-07-10T05:33	151.3	0	94.8	0	262.3	0	50.3	0	15.4	0	0
2022-07-10T05:34	189.4	0	108.0	0	341.3	0	51.5	0	15.4	0	0
2022-07-10T05:35	115.6	0	83.4	0	184.1	0	51.4	0	15.4	0	0
2022-07-10T05:36	217.4	0	125.2	0	392.0	0	59.4	0	15.4	0	0
2022-07-10T05:37	258.0	0	146.4	0	465.3	0	63.9	0	15.5	0	0
2022-07-10T05:38	198.2	0	126.0	0	343.0	0	60.2	0	15.5	0	0
2022-07-10T05:39	287.5	0	164.5	0	530.0	0	62.2	0	15.6	0	0
2022-07-10T05:40	296.2	0	169.9	0	548.1	0	62.3	0	15.6	0	0
2022-07-10T05:41	295.6	0	170.1	0	545.7	0	61.1	0	15.7	0	0
2022-07-10T05:42	282.4	0	163.0	0	512.4	0	62.1	0	15.8	0	0
2022-07-10T05:43	176.2	0	121.3	0	293.1	0	62.0	0	15.8	0	0
2022-07-10T05:44	274.0	0	164.8	0	489.9	0	62.5	0	15.9	0	0
2022-07-10T05:45	195.2	0	129.2	0	334.7	0	59.6	0	15.9	0	0
2022-07-10T05:46	127.6	0	99.7	0	196.8	0	60.0	0	15.9	0	0
2022-07-10T05:47	116.9	0	100.0	0	167.3	0	64.5	0	15.9	0	0
2022-07-10T05:48	129.8	0	110.8	0	187.5	0	68.0	0	15.9	0	0
2022-07-10T05:49	160.1	0	124.0	0	246.6	0	68.8	0	15.9	0	0
2022-07-10T05:50	119.6	0	105.3	0	163.7	0	69.0	0	15.9	0	0
2022-07-10T05:51	121.2	0	108.2	0	162.2	0	71.3	0	15.9	0	0
2022-07-10T05:52	118.5	0	107.8	0	155.4	0	73.4	0	15.9	0	0
2022-07-10T05:53	136.9	0	123.7	0	175.2	0	89.0	0	15.9	0	0
2022-07-10T05:54	155.3	0	142.8	0	183.2	0	111.0	0	15.9	0	0
2022-07-10T05:55	141.8	0	131.7	0	160.0	0	108.0	0	15.9	0	0
2022-07-10T05:56	129.2	0	118.3	0	143.6	0	102.6	0	16.0	0	0
2022-07-10T05:57	132.4	0	116.8	0	145.9	0	105.7	0	16.0	0	0
2022-07-10T05:58	133.7	0	116.1	0	145.0	0	108.2	0	16.0	0	0
2022-07-10T05:59	123.7	0	107.1	0	134.2	0	100.0	0	15.9	0	0
2022-07-10T06:00	117.5	0	101.5	0	126.1	0	96.4	0	16.0	0	0
2022-07-10T06:01	129.3	0	111.7	0	138.6	0	105.3	0	16.0	0	0
2022-07-10T06:02	152.1	0	129.0	0	171.4	0	115.6	0	16.0	0	0
2022-07-10T06:03	156.5	0	137.2	0	188.3	0	85.4	0	16.0	0	0
2022-07-10T06:04	173.4	0	146.2	0	211.5	0	111.4	0	16.0	0	0
2022-07-10T06:05	178.4	0	148.8	0	213.8	0	125.3	0	16.0	0	0
2022-07-10T06:06	190.5	0	158.6	0	228.7	0	131.7	0	16.0	0	0
2022-07-10T06:07	217.6	0	178.0	0	275.2	0	135.9	0	16.1	0	0
2022-07-10T06:08	332.7	0	251.2	0	478.0	0	144.1	0	16.2	0	0
2022-07-10T06:09	300.7	0	234.8	0	412.2	0	151.3	0	16.3	0	0
2022-07-10T06:10	270.4	0	216.5	0	355.2	0	151.4	0	16.3	0	0
2022-07-10T06:11	274.8	0	215.6	0	365.1	0	148.7	0	16.4	0	0
2022-07-10T06:12	195.2	0	161.5	0	218.3	0	142.3	0	16.4	0	0
2022-07-10T06:13	181.9	0	151.1	0	198.7	0	135.4	0	16.4	0	0
2022-07-10T06:14	178.0	0	146.8	0	193.3	0	131.8	0	16.5	0	0
2022-07-10T06:15	184.1	0	153.4	0	201.9	0	134.9	0	16.5	0	0
2022-07-10T06:16	201.5	0	169.4	0	225.5	0	143.2	0	16.5	0	0
2022-07-10T06:17	285.7	0	229.3	0	361.8	0	156.8	0	16.6	0	0
2022-07-10T06:18	283.6	0	228.6	0	359.0	0	158.3	0	16.7	0	0
2022-07-10T06:19	210.2	0	175.7	0	229.2	0	153.5	0	16.7	0	0
2022-07-10T06:20	216.1	0	177.0	0	251.3	0	143.8	0	16.7	0	0
2022-07-10T06:21	201.7	0	164.9	0	223.2	0	141.7	0	16.7	0	0
2022-07-10T06:22	280.3	0	221.7	0	366.1	0	141.3	0	16.7	0	0
2022-07-10T06:23	336.6	0	259.3	0	472.8	0	137.4	0	16.8	0	0
2022-07-10T06:24	265.5	0	154.8	0	364.9	0	138.9	0	16.7	0	0
2022-07-10T06:25	100.6	0	258.5	0		3	81.8	0	16.7	0	0
2022-07-10T06:26	259.0	0	245.1	0	357.0	0	154.4	0	16.7	0	0
2022-07-10T06:27	448.4	0	366.5	0	626.2	0	173.7	0	16.8	0	0
2022-07-10T06:28	417.5	0	346.5	0	575.9	0	174.3	0	16.9	0	0
2022-07-10T06:29	319.8	0	361.0	0	558.9	0	172.0	0	17.0	0	0
2022-07-10T06:30	335.6	0	340.0	0	650.0	0	86.2	0	17.1	0	0
2022-07-10T06:31	460.8	0	406.7	0	745.3	0	93.1	0	17.3	0	0
2022-07-10T06:32	330.7	0	320.9	0	515.0	0	63.0	0	17.3	0	0
2022-07-10T06:33	366.0	0	304.8	0	504.9	0	131.9	0	17.4	0	0
2022-07-10T06:34	274.9	0	232.0	0	348.0	0	151.6	0	17.5	0	0
2022-07-10T06:35	367.4	0	299.1	0	507.5	0	152.5	0	17.5	0	0
2022-07-10T06:36	342.6	0	272.2	0	463.2	0	155.7	0	17.5	0	0
2022-07-10T06:37	247.8	0	201.9	0	292.0	0	161.2	0	17.5	0	0
2022-07-10T06:38	242.8	0	200.3	0	274.9	0	168.3	0	17.5	0	0
2022-07-10T06:39	277.6	0	233.5	0	330.6	0	175.0	0	17.4	0	0
2022-07-10T06:40	528.6	0	433.2	0	744.3	0	184.0	0	17.5	0	0
2022-07-10T06:41	581.3	0	475.7	0	832.4	0	185.8	0	17.6	0	0
2022-07-10T06:42	557.1	0	459.3	0	790.0	0	185.0	0	17.7	0	0
2022-07-10T06:43	268.6	0	233.5	0	312.8	0	177.2	0	17.6	0	0
2022-07-10T06:44	242.7	0	214.1	0	269.8	0	176.3	0	17.6	0	0
2022-07-10T06:45	223.3	0	196.5	0	245.7	0	165.7	0	17.5	0	0
2022-07-10T06:46	216.6	0	191.2	0	237.4	0	161.9	0	17.5	0	0
2022-07-10T06:47	233.7	0	209.3	0	263.6	0	164.4	0	17.5	0	0
2022-07-10T06:48	190.2	0	204.8	0	266.1	0	143.8	0	17.5	0	0
2022-07-10T06:49	45.2	0	198.3	0	235.1	0	124.6	0	17.4	0	0
2022-07-10T06:50	34.4	0	210.1	0		3	131.3	0	17.3	0	0
2022-07-10T06:51	58.8	0	230.7	0		3	132.0	0	17.2	0	0
2022-07-10T06:52	109.2	0	189.8	0	253.9	0	116.3	0	17.2	0	0
2022-07-10T06:53	78.5	0	160.4	0	171.2	0	134.9	0	17.2	0	0
2022-07-10T06:54	33.0	0	158.1	0	124.9	0	151.6	0	17.2	0	0
2022-07-10T06:55	80.1	0	166.0	0	120.3	0	93.2	0	17.2	0	0
2022-07-10T06:56	93.9	0	157.7	0	88.9	0	64.9	0	17.2	0	0
2022-07-10T06:57	110.8	0	140.2	0	98.0	0	118.8	0	17.2	0	0
2022-07-10T06:58	173.2	0	162.2	0	189.3	0	139.8	0	17.2	0	0
2022-07-10T06:59	182.4	0	168.1	0	194.6	0	151.6	0	17.2	0	0
2022-07-10T07:00	188.3	0	171.1	0	196.9	0	158.9	0	17.1	0	0
2022-07-10T07:01	200.3	0	180.4	0	206.2	0	170.0	0	17.1	0	0
2022-07-10T07:02	216.4	0	196.9	0	222.7	0	181.4	0	17.1	0	0
2022-07-10T07:03	224.7	0	207.5	0	233.3	0	185.3	0	17.1	0	0
2022-07-10T07:04	225.4	0	211.3	0	237.9	0	182.7	0	17.1	0	0
2022-07-10T07:05	221.7	0	211.0	0	235.7	0	178.9	0	17.1	0	0
2022-07-10T07:06	217.4	0	208.2	0	227.8	0	178.8	0	17.0	0	0
2022-07-10T07:07	220.6	0	210.5	0	227.4	0	184.7	0	17.0	0	0
2022-07-10T07:08	225.6	0	209.0	0	231.8	0	190.6	0	17.0	0	0
2022-07-10T07:09	212.1	0	124.3	0	237.5	0	190.4	0	17.0	0	0
2022-07-10T07:10	240.1	0	229.3	0	250.3	0	195.3	0	17.0	0	0
2022-07-10T07:11	237.9	0	230.1	0	253.3	0	189.6	0	17.1	0	0
2022-07-10T07:12	230.8	0	225.5	0	249.2	0	182.5	0	17.1	0	0
2022-07-10T07:13	204.5	0	174.1	0	221.2	0	175.8	0	17.1	0	0
2022-07-10T07:14	205.6	0	119.4	0	196.3	0	174.0	0	17.1	0	0
2022-07-10T07:15	206.6	0	110.3	0	208.1	0	167.1	0	17.1	0	0
2022-07-10T07:16	204.5	0	202.4	0	224.7	0	161.1	0	17.1	0	0
2022-07-10T07:17	192.9	0	193.3	0	213.1	0	152.6	0	17.1	0	0
2022-07-10T07:18	179.0	0	181.3	0	197.3	0	143.5	0	17.1	0	0
2022-07-10T07:19	166.0	0	167.4	0	180.9	0	136.6	0	17.2	0	0
2022-07-10T07:20	159.1	0	158.5	0	169.4	0	136.4	0	17.2	0	0
2022-07-10T07:21	157.4	0	154.4	0	163.5	0	139.4	0	17.1	0	0
2022-07-10T07:22	158.7	0	152.9	0	162.9	0	141.5	0	17.0	0	0
2022-07-10T07:23	157.9	0	151.7	0	163.0	0	140.3	0	17.0	0	0
2022-07-10T07:24	154.9	0	149.0	0	160.1	0	137.4	0	16.9	0	0
2022-07-10T07:25	154.8	0	149.7	0	159.2	0	137.9	0	16.9	0	0
2022-07-10T07:26	157.1	0	152.8	0	160.7	0	140.2	0	16.9	0	0
2022-07-10T07:27	160.2	0	155.9	0	163.0	0	142.8	0	16.9	0	0
2022-07-10T07:28	163.3	0	159.4	0	166.0	0	145.1	0	16.9	0	0
2022-07-10T07:29	164.4	0	161.0	0	167.7	0	145.3	0	16.9	0	0
2022-07-10T07:30	162.0	0	159.4	0	165.3	0	143.4	0	16.8	0	0
2022-07-10T07:31	160.7	0	158.4	0	162.6	0	144.0	0	16.8	0	0
2022-07-10T07:32	160.9	0	159.0	0	160.9	0	146.1	0	16.8	0	0
2022-07-10T07:33	158.9	0	158.6	0	159.7	0	144.2	0	16.8	0	0
2022-07-10T07:34	151.9	0	153.3	0	155.5	0	135.6	0	16.7	0	0
2022-07-10T07:35	139.7	0	142.7	0	145.8	0	123.1	0	16.7	0	0
2022-07-10T07:36	127.3	0	130.0	0	133.8	0	112.0	0	16.7	0	0
2022-07-10T07:37	119.5	0	120.7	0	125.1	0	106.6	0	16.7	0	0
2022-07-10T07:38	119.8	0	118.1	0	123.9	0	109.6	0	16.7	0	0
2022-07-10T07:39	126.4	0	121.3	0	129.1	0	116.7	0	16.7	0	0
2022-07-10T07:40	132.3	0	123.6	0	134.1	0	122.1	0	16.7	0	0
2022-07-10T07:41	140.6	0	126.9	0	141.2	0	128.9	0	16.7	0	0
2022-07-10T07:42	153.5	0	133.8	0	151.2	0	140.3	0	16.7	0	0
2022-07-10T07:43	174.1	0	148.6	0	168.0	0	158.0	0	16.7	0	0
2022-07-10T07:44	201.0	0	170.6	0	191.4	0	180.9	0	16.7	0	0
2022-07-10T07:45	236.3	0	200.6	0	227.2	0	207.7	0	16.7	0	0
2022-07-10T07:46	278.0	0	239.5	0	275.6	0	233.4	0	16.7	0	0
2022-07-10T07:47	301.1	0	263.4	0	302.5	0	247.0	0	16.8	0	0
2022-07-10T07:48	311.7	0	278.0	0	318.3	0	251.4	0	16.8	0	0
2022-07-10T07:49	271.9	0	271.6	0	169.1	0	242.6	0	16.9	0	0
2022-07-10T07:50	273.0	0	267.0	0	230.0	0	228.8	0	16.9	0	0
2022-07-10T07:51	265.1	0	243.1	0	278.1	0	211.1	0	16.9	0	0
2022-07-10T07:52	251.8	0	229.2	0	258.0	0	208.1	0	17.0	0	0
2022-07-10T07:53	256.9	0	234.5	0	256.2	0	219.3	0	17.0	0	0
2022-07-10T07:54	274.6	0	253.3	0	271.2	0	235.2	0	17.0	0	0
2022-07-10T07:55	286.9	0	268.7	0	284.9	0	242.7	0	17.1	0	0
2022-07-10T07:56	295.0	0	280.4	0	299.1	0	242.7	0	17.2	0	0
2022-07-10T07:57	296.5	0	283.6	0	304.0	0	238.6	0	17.2	0	0
2022-07-10T07:58	289.4	0	278.1	0	294.1	0	237.2	0	17.2	0	0
2022-07-10T07:59	287.1	0	278.5	0	294.1	0	233.2	0	17.2	0	0
2022-07-10T08:00	293.0	0	286.9	0	312.9	0	224.5	0	17.2	0	0
2022-07-10T08:01	253.6	0	245.9	0	262.3	0	200.4	0	17.2	0	0
2022-07-10T08:02	238.8	0	227.9	0	241.6	0	194.6	0	17.2	0	0
2022-07-10T08:03	250.0	0	232.1	0	250.1	0	205.5	0	17.2	0	0
2022-07-10T08:04	286.5	0	262.5	0	288.7	0	231.3	0	17.3	0	0
2022-07-10T08:05	325.2	0	301.4	0	338.4	0	251.8	0	17.3	0	0
2022-07-10T08:06	322.8	0	301.8	0	338.3	0	248.4	0	17.4	0	0
2022-07-10T08:07	309.7	0	289.7	0	324.8	0	238.5	0	17.5	0	0
2022-07-10T08:08	295.0	0	274.2	0	312.9	0	224.7	0	17.5	0	0
2022-07-10T08:09	284.6	0	259.6	0	305.3	0	213.2	0	17.5	0	0
2022-07-10T08:10	321.9	0	293.7	0	358.0	0	223.0	0	17.5	0	0
2022-07-10T08:11	315.6	0	281.9	0	348.6	0	219.2	0	17.6	0	0
2022-07-10T08:12	508.3	0	481.5	0	600.5	0	300.2	0	17.6	0	0
2022-07-10T08:13	836.7	0	796.3	0	1030.5	0	433.7	0	17.9	0	0
2022-07-10T08:14	682.3	0	657.4	0	820.1	0	377.6	0	18.2	0	0
2022-07-10T08:15	853.0	0	831.7	0	1044.1	0	450.8	0	18.4	0	0
2022-07-10T08:16	699.1	0	680.9	0	844.2	0	390.1	0	18.7	0	0
2022-07-10T08:17	760.7	0	739.6	0	933.2	0	414.6	0	18.9	0	0
2022-07-10T08:18	352.1	0	334.7	0	388.9	0	250.1	0	19.0	0	0
2022-07-10T08:19	359.8	0	340.5	0	395.0	0	257.0	0	19.0	0	0
2022-07-10T08:20	332.6	0	311.5	0	356.2	0	246.1	0	18.9	0	0
2022-07-10T08:21	622.0	0	612.5	0	730.4	0	363.1	0	19.0	0	0
2022-07-10T08:22	816.4	0	808.8	0	1002.5	0	437.2	0	19.2	0	0
2022-07-10T08:23	738.4	0	726.6	0	906.4	0	398.0	0	19.4	0	0
2022-07-10T08:24	565.9	0	560.9	0	685.1	0	321.0	0	19.4	0	0
2022-07-10T08:25	274.3	0	265.1	0	312.0	0	185.2	0	19.4	0	0
2022-07-10T08:26	234.0	0	222.9	0	266.7	0	159.0	0	19.2	0	0
2022-07-10T08:27	213.4	0	197.3	0	237.5	0	149.4	0	19.0	0	0
2022-07-10T08:28	248.0	0	237.6	0	278.2	0	171.9	0	18.9	0	0
2022-07-10T08:29	813.9	0	803.3	0	990.1	0	426.1	0	19.0	0	0
2022-07-10T08:30	823.4	0	813.2	0	995.8	0	435.9	0	19.1	0	0
2022-07-10T08:31	856.9	0	848.6	0	1036.6	0	457.2	0	19.3	0	0
2022-07-10T08:32	874.2	0	865.1	0	1057.5	0	468.5	0	19.5	0	0
2022-07-10T08:33	878.8	0	865.4	0	1060.4	0	473.8	0	19.7	0	0
2022-07-10T08:34	898.7	0	882.0	0	1081.1	0	489.8	0	19.9	0	0
2022-07-10T08:35	910.1	0	891.3	0	1088.3	0	503.9	0	20.1	0	0
2022-07-10T08:36	937.9	0	918.9	0	1115.7	0	527.2	0	20.2	0	0
2022-07-10T08:37	973.1	0	954.1	0	1149.2	0	557.0	0	20.4	0	0
2022-07-10T08:38	921.6	0	897.8	0	1075.0	0	546.7	0	20.5	0	0
2022-07-10T08:39	649.7	0	624.5	0	731.6	0	430.3	0	20.5	0	0
2022-07-10T08:40	430.6	0	403.9	0	447.5	0	330.9	0	20.4	0	0
2022-07-10T08:41	514.9	0	504.1	0	556.0	0	375.7	0	20.4	0	0
2022-07-10T08:42	900.3	0	897.3	0	1036.6	0	561.7	0	20.5	0	0
2022-07-10T08:43	494.7	0	482.4	0	539.9	0	364.8	0	20.6	0	0
2022-07-10T08:44	408.4	0	400.5	0	428.3	0	321.1	0	20.5	0	0
2022-07-10T08:45	463.4	0	460.6	0	501.1	0	346.2	0	20.5	0	0
2022-07-10T08:46	396.9	0	392.3	0	423.8	0	306.0	0	20.4	0	0
2022-07-10T08:47	353.5	0	349.1	0	375.2	0	278.5	0	20.3	0	0
2022-07-10T08:48	325.8	0	319.6	0	339.9	0	264.1	0	20.1	0	0
2022-07-10T08:49	315.0	0	304.4	0	325.1	0	260.7	0	20.0	0	0
2022-07-10T08:50	316.8	0	301.8	0	324.4	0	265.1	0	19.8	0	0
2022-07-10T08:51	318.4	0	300.4	0	325.0	0	267.8	0	19.7	0	0
2022-07-10T08:52	320.1	0	299.6	0	328.0	0	268.0	0	19.5	0	0
2022-07-10T08:53	314.2	0	294.5	0	324.1	0	261.8	0	19.5	0	0
2022-07-10T08:54	307.5	0	287.8	0	317.8	0	255.7	0	19.4	0	0
2022-07-10T08:55	303.2	0	282.1	0	312.6	0	252.4	0	19.3	0	0
2022-07-10T08:56	305.8	0	282.8	0	312.5	0	255.5	0	19.3	0	0
2022-07-10T08:57	314.8	0	290.2	0	317.5	0	266.3	0	19.3	0	0
2022-07-10T08:58	337.2	0	310.2	0	337.5	0	284.6	0	19.2	0	0
2022-07-10T08:59	572.1	0	564.4	0	615.0	0	411.7	0	19.2	0	0
2022-07-10T09:00	699.7	0	681.7	0	771.9	0	484.8	0	19.4	0	0
2022-07-10T09:01	775.8	0	778.1	0	858.6	0	526.6	0	19.5	0	0
2022-07-10T09:02	413.5	0	380.7	0	425.2	0	326.9	0	19.5	0	0
2022-07-10T09:03	363.6	0	336.2	0	363.4	0	302.1	0	19.4	0	0
2022-07-10T09:04	373.5	0	347.9	0	374.0	0	308.4	0	19.4	0	0
2022-07-10T09:05	392.7	0	368.4	0	395.0	0	319.0	0	19.3	0	0
2022-07-10T09:06	706.5	0	704.7	0	768.6	0	492.4	0	19.3	0	0
2022-07-10T09:07	791.0	0	793.6	0	872.4	0	536.3	0	19.5	0	0
2022-07-10T09:08	634.0	0	634.9	0	688.7	0	446.6	0	19.5	0	0
2022-07-10T09:09	622.5	0	620.4	0	676.6	0	435.8	0	19.6	0	0
2022-07-10T09:10	357.7	0	344.4	0	360.6	0	287.9	0	19.6	0	0
2022-07-10T09:11	345.6	0	329.4	0	342.3	0	283.5	0	19.6	0	0
2022-07-10T09:12	343.8	0	324.5	0	336.3	0	286.2	0	19.6	0	0
2022-07-10T09:13	364.9	0	343.0	0	354.4	0	303.3	0	19.6	0	0
2022-07-10T09:14	452.7	0	436.0	0	455.9	0	358.0	0	19.6	0	0
2022-07-10T09:15	1094.0	0	1120.7	0	1198.5	0	728.1	0	19.8	0	0
2022-07-10T09:16	743.1	0	737.8	0	793.2	0	525.1	0	20.0	0	0
2022-07-10T09:17	425.7	0	414.4	0	423.8	0	339.3	0	19.9	0	0
2022-07-10T09:18	632.1	0	632.6	0	667.4	0	462.0	0	19.9	0	0
2022-07-10T09:19	424.9	0	407.6	0	421.5	0	342.4	0	19.9	0	0
2022-07-10T09:20	455.7	0	444.2	0	462.5	0	360.6	0	19.8	0	0
2022-07-10T09:21	423.3	0	416.3	0	435.5	0	331.7	0	19.9	0	0
2022-07-10T09:22	361.1	0	352.5	0	367.6	0	288.4	0	19.9	0	0
2022-07-10T09:23	332.7	0	323.0	0	332.7	0	271.6	0	19.9	0	0
2022-07-10T09:24	351.6	0	340.8	0	349.3	0	288.9	0	19.9	0	0
2022-07-10T09:25	359.7	0	347.5	0	354.2	0	296.2	0	19.9	0	0
2022-07-10T09:26	377.1	0	369.2	0	375.4	0	305.0	0	19.9	0	0
2022-07-10T09:27	370.9	0	365.8	0	370.2	0	298.3	0	19.9	0	0
2022-07-10T09:28	427.3	0	427.7	0	435.7	0	335.3	0	19.9	0	0
2022-07-10T09:29	379.5	0	369.4	0	376.9	0	306.3	0	19.9	0	0
2022-07-10T09:30	542.2	0	548.9	0	552.0	0	414.1	0	19.9	0	0
2022-07-10T09:31	943.3	0	979.5	0	1011.6	0	663.2	0	20.1	0	0
2022-07-10T09:32	772.9	0	788.9	0	820.0	0	550.5	0	20.2	0	0
2022-07-10T09:33	381.4	0	379.3	0	388.9	0	301.5	0	20.2	0	0
2022-07-10T09:34	334.0	0	324.8	0	338.5	0	266.8	0	20.2	0	0
2022-07-10T09:35	325.6	0	314.6	0	328.8	0	262.4	0	20.2	0	0
2022-07-10T09:36	326.5	0	313.9	0	324.7	0	266.8	0	20.0	0	0
2022-07-10T09:37	330.4	0	316.8	0	319.5	0	277.9	0	19.9	0	0
2022-07-10T09:38	360.4	0	347.7	0	343.9	0	306.4	0	19.9	0	0
2022-07-10T09:39	577.9	0	582.5	0	582.3	0	449.7	0	20.0	0	0
2022-07-10T09:40	490.2	0	491.5	0	493.3	0	389.9	0	20.1	0	0
2022-07-10T09:41	500.4	0	508.7	0	511.1	0	390.0	0	20.2	0	0
2022-07-10T09:42	447.6	0	442.8	0	458.1	0	351.6	0	20.3	0	0
2022-07-10T09:43	382.5	0	370.6	0	385.5	0	307.2	0	20.3	0	0
2022-07-10T09:44	393.0	0	388.5	0	404.6	0	309.9	0	20.1	0	0
2022-07-10T09:45	446.1	0	438.5	0	473.4	0	333.0	0	20.1	0	0
2022-07-10T09:46	313.1	0	300.7	0	328.3	0	241.1	0	19.9	0	0
2022-07-10T09:47	310.8	0	296.8	0	322.0	0	242.6	0	19.8	0	0
2022-07-10T09:48	321.9	0	302.3	0	325.3	0	256.8	0	19.8	0	0
2022-07-10T09:49	589.2	0	596.8	0	616.2	0		3	19.8	0	0
2022-07-10T09:50	940.1	0	966.1	0	997.1	0		3	20.0	0	0
2022-07-10T09:51	728.2	0	766.6	0	770.0	0		3	20.1	0	0
2022-07-10T09:52	589.8	0	673.1	0	762.7	0	557.0	0	20.2	0	0
2022-07-10T09:53	962.2	0	1009.2	0	1005.8	0	708.3	0	20.4	0	0
2022-07-10T09:54	998.7	0	1030.1	0	1040.0	0	673.2	0	20.7	0	0
2022-07-10T09:55	818.3	0	859.2	0	837.9	0	621.7	0	20.8	0	0
2022-07-10T09:56	827.7	0	864.0	0	847.6	0	631.4	0	20.8	0	0
2022-07-10T09:57	439.7	0	441.6	0	421.2	0	371.5	0	20.8	0	0
2022-07-10T09:58	461.9	0	471.4	0	443.2	0	393.2	0	20.9	0	0
2022-07-10T09:59	523.9	0	535.8	0	511.2	0	434.2	0	20.9	0	0
2022-07-10T10:00	589.4	0	607.4	0	583.7	0	476.7	0	20.9	0	0
2022-07-10T10:01	604.5	0	620.8	0	607.7	0	479.4	0	21.0	0	0
2022-07-10T10:02	416.2	0	412.3	0	411.8	0	342.6	0	20.9	0	0
2022-07-10T10:03	376.7	0	365.0	0	367.7	0	316.3	0	20.8	0	0
2022-07-10T10:04	379.8	0	365.1	0	368.6	0	320.8	0	20.8	0	0
2022-07-10T10:05	383.1	0	366.2	0	369.1	0	325.7	0	20.7	0	0
2022-07-10T10:06	423.7	0	411.8	0	410.1	0	359.3	0	20.7	0	0
2022-07-10T10:07	416.4	0	406.1	0	397.9	0	355.2	0	20.6	0	0
2022-07-10T10:08	776.6	0	808.0	0	777.3	0	611.6	0	20.6	0	0
2022-07-10T10:09	755.7	0	798.9	0	755.5	0	601.2	0	20.8	0	0
2022-07-10T10:10	1195.7	0	1268.0	0	1207.8	0	911.6	0	21.0	0	0
2022-07-10T10:11	1061.7	0	1125.0	0	1078.5	0	821.4	0	21.2	0	0
2022-07-10T10:12	699.3	0	735.9	0	693.6	0	564.0	0	21.3	0	0
2022-07-10T10:13	410.7	0	401.7	0	396.9	0	350.9	0	21.3	0	0
2022-07-10T10:14	347.5	0	343.5	0	331.4	0	302.9	0	21.2	0	0
2022-07-10T10:15	337.7	0	332.3	0	323.7	0	293.3	0	21.1	0	0
2022-07-10T10:16	333.4	0	327.7	0	319.6	0	289.3	0	21.0	0	0
2022-07-10T10:17	335.8	0	330.2	0	320.9	0	292.4	0	20.9	0	0
2022-07-10T10:18	348.7	0	341.9	0	332.1	0	302.8	0	20.8	0	0
2022-07-10T10:19	469.0	0	479.9	0	458.9	0	387.2	0	20.8	0	0
2022-07-10T10:20	607.6	0	612.8	0	612.1	0	490.7	0	20.9	0	0
2022-07-10T10:21	730.0	0	762.1	0	720.2	0	577.2	0	20.9	0	0
2022-07-10T10:22	1100.3	0	1154.5	0	1101.3	0	848.4	0	21.1	0	0
2022-07-10T10:23	1180.7	0	1241.4	0	1178.0	0	906.3	0	21.3	0	0
2022-07-10T10:24	764.8	0	793.7	0	755.2	0	610.3	0	21.4	0	0
2022-07-10T10:25	1156.0	0	1211.0	0	1144.6	0	899.4	0	21.5	0	0
2022-07-10T10:26	1191.2	0	1248.9	0	1176.5	0	932.3	0	21.5	0	0
2022-07-10T10:27	1188.5	0	1245.8	0	1168.6	0	936.9	0	21.5	0	0
2022-07-10T10:28	1158.8	0	1215.1	0	1135.5	0	921.0	0	21.6	0	0
2022-07-10T10:29	572.8	0	570.3	0	554.7	0	486.0	0	21.6	0	0
2022-07-10T10:30	373.4	0	361.7	0	349.0	0	333.4	0	21.5	0	0
2022-07-10T10:31	359.9	0	349.1	0	337.7	0	322.5	0	21.3	0	0
2022-07-10T10:32	346.3	0	340.1	0	327.0	0	311.9	0	21.2	0	0
2022-07-10T10:33	343.2	0	337.0	0	325.1	0	307.6	0	21.1	0	0
2022-07-10T10:34	332.7	0	324.0	0	315.4	0	296.7	0	21.0	0	0
2022-07-10T10:35	321.2	0	311.3	0	307.2	0	284.4	0	20.8	0	0
2022-07-10T10:36	319.7	0	307.0	0	308.6	0	279.3	0	20.7	0	0
2022-07-10T10:37	327.2	0	313.5	0	317.1	0	283.6	0	20.5	0	0
2022-07-10T10:38	344.9	0	332.9	0	334.0	0	296.5	0	20.4	0	0
2022-07-10T10:39	451.3	0	458.7	0	440.4	0	380.8	0	20.2	0	0
2022-07-10T10:40	751.9	0	789.8	0	740.7	0	606.5	0	20.2	0	0
2022-07-10T10:41	619.0	0	656.3	0	604.9	0	499.6	0	20.2	0	0
2022-07-10T10:42	727.0	0	763.3	0	715.1	0	581.3	0	20.3	0	0
2022-07-10T10:43	1135.5	0	1197.5	0	1105.2	0	896.3	0	20.5	0	0
2022-07-10T10:44	1122.1	0	1176.7	0	1082.9	0	896.3	0	20.6	0	0
2022-07-10T10:45	1134.9	0	1187.5	0	1089.4	0	913.5	0	20.8	0	0
2022-07-10T10:46	1128.3	0	1177.5	0	1080.4	0	913.7	0	21.1	0	0
2022-07-10T10:47	890.9	0	921.8	0	845.6	0	735.0	0	21.4	0	0
2022-07-10T10:48	1083.2	0	1129.9	0	1026.5	0	890.9	0	21.5	0	0
2022-07-10T10:49	508.2	0	480.7	0	462.1	0	447.1	0	21.5	0	0
2022-07-10T10:50	402.6	0	375.6	0	359.8	0	364.1	0	21.4	0	0
2022-07-10T10:51	603.4	0	612.6	0	555.0	0	525.4	0	21.3	0	0
2022-07-10T10:52	475.9	0	449.3	0	440.1	0	414.4	0	21.3	0	0
2022-07-10T10:53	415.9	0	399.8	0	386.4	0	364.7	0	21.2	0	0
2022-07-10T10:54	322.8	0	383.6	0	376.4	0	347.1	0	21.1	0	0
2022-07-10T10:55	652.8	0	647.3	0	657.1	0	480.5	0	21.2	0	0
2022-07-10T10:56	374.5	0	350.1	0	356.2	0	321.3	0	21.1	0	0
2022-07-10T10:57	349.5	0	324.6	0	329.7	0	302.6	0	21.0	0	0
2022-07-10T10:58	339.3	0	317.2	0	318.6	0	296.0	0	20.9	0	0
2022-07-10T10:59	335.6	0	317.6	0	315.2	0	291.7	0	20.8	0	0
2022-07-10T11:00	336.0	0	323.8	0	314.6	0	292.5	0	20.7	0	0
2022-07-10T11:01	347.4	0	343.2	0	328.3	0	299.0	0	20.6	0	0
2022-07-10T11:02	884.1	0	940.4	0	844.3	0	728.8	0	20.7	0	0
2022-07-10T11:03	962.2	0	1041.9	0	911.5	0	789.9	0	20.8	0	0
2022-07-10T11:04	1113.2	0	1202.1	0	1056.4	0	909.0	0	21.0	0	0
2022-07-10T11:05	1071.5	0	1158.2	0	1013.0	0	875.6	0	21.2	0	0
2022-07-10T11:06	1033.3	0	1117.4	0	972.1	0	849.7	0	21.3	0	0
2022-07-10T11:07	1010.8	0	1091.0	0	943.1	0	839.0	0	21.5	0	0
2022-07-10T11:08	997.7	0	1075.2	0	921.2	0	838.9	0	21.7	0	0
2022-07-10T11:09	999.3	0	1074.4	0	913.8	0	850.6	0	21.9	0	0
2022-07-10T11:10	1014.8	0	1088.8	0	920.7	0	871.4	0	22.0	0	0
2022-07-10T11:11	1033.8	0	1107.3	0	931.0	0	894.3	0	22.2	0	0
2022-07-10T11:12	1048.2	0	1122.7	0	939.1	0	912.7	0	22.2	0	0
2022-07-10T11:13	1061.2	0	1136.6	0	947.1	0	927.0	0	22.3	0	0
2022-07-10T11:14	912.0	0	976.5	0	809.9	0	801.8	0	22.3	0	0
2022-07-10T11:15	734.8	0	776.2	0	655.7	0	661.5	0	22.3	0	0
2022-07-10T11:16	935.3	0	1008.0	0	832.3	0	826.2	0	22.4	0	0
2022-07-10T11:17	725.9	0	771.3	0	648.6	0	651.1	0	22.4	0	0
2022-07-10T11:18	380.7	0	368.5	0	334.0	0	347.9	0	22.2	0	0
2022-07-10T11:19	353.2	0	345.7	0	312.4	0	325.0	0	22.1	0	0
2022-07-10T11:20	562.2	0	587.5	0	506.9	0	496.9	0	22.0	0	0
2022-07-10T11:21	1223.0	0	1297.4	0	1116.2	0	1047.0	0	22.2	0	0
2022-07-10T11:22	1200.6	0	1273.2	0	1101.0	0	1026.0	0	22.4	0	0
2022-07-10T11:23	578.0	0	593.1	0	544.1	0	500.0	0	22.5	0	0
2022-07-10T11:24	1046.0	0	1124.4	0	964.4	0	888.2	0	22.5	0	0
2022-07-10T11:25	587.7	0	606.2	0	560.3	0	497.0	0	22.5	0	0
2022-07-10T11:26	667.7	0	708.0	0	633.2	0	564.1	0	22.4	0	0
2022-07-10T11:27	1133.0	0	1206.8	0	1042.6	0	956.6	0	22.4	0	0
2022-07-10T11:28	1112.3	0	1181.8	0	1020.6	0	940.8	0	22.5	0	0
2022-07-10T11:29	1106.8	0	1177.9	0	1011.9	0	940.5	0	22.6	0	0
2022-07-10T11:30	706.6	0	735.5	0	654.6	0	597.4	0	22.7	0	0
2022-07-10T11:31	1009.5	0	1088.0	0	914.4	0	870.8	0	22.8	0	0
2022-07-10T11:32	1057.1	0	1135.2	0	946.2	0	916.7	0	23.0	0	0
2022-07-10T11:33	1047.5	0	1128.0	0	929.9	0	916.2	0	23.1	0	0
2022-07-10T11:34	1044.8	0	1126.2	0	919.6	0	922.3	0	23.1	0	0
2022-07-10T11:35	1047.9	0	1128.0	0	916.6	0	932.2	0	23.2	0	0
2022-07-10T11:36	1062.6	0	1139.4	0	925.6	0	950.5	0	23.2	0	0
2022-07-10T11:37	1094.2	0	1168.2	0	949.7	0	983.5	0	23.2	0	0
2022-07-10T11:38	1124.8	0	1197.2	0	974.7	0	1014.1	0	23.2	0	0
2022-07-10T11:39	1149.3	0	1221.2	0	995.2	0	1038.2	0	23.1	0	0
2022-07-10T11:40	1122.5	0	1179.8	0	979.7	0	1019.5	0	23.1	0	0
2022-07-10T11:41	349.7	0	342.0	0	309.4	0	326.8	0	23.0	0	0
2022-07-10T11:42	351.0	0	343.5	0	318.1	0	321.6	0	22.9	0	0
2022-07-10T11:43	329.9	0	324.0	0	304.7	0	299.4	0	22.8	0	0
2022-07-10T11:44	303.7	0	298.6	0	282.7	0	276.4	0	22.7	0	0
2022-07-10T11:45	303.0	0	300.9	0	280.6	0	277.7	0	22.5	0	0
2022-07-10T11:46	306.0	0	307.3	0	281.6	0	281.6	0	22.3	0	0
2022-07-10T11:47	312.3	0	318.0	0	286.8	0	288.2	0	22.2	0	0
2022-07-10T11:48	356.3	0	369.5	0	325.1	0	330.6	0	22.0	0	0
2022-07-10T11:49	335.8	0	346.7	0	308.9	0	306.9	0	21.8	0	0
2022-07-10T11:50	359.0	0	371.8	0	331.7	0	324.7	0	21.6	0	0
2022-07-10T11:51	364.5	0	376.2	0	337.2	0	325.8	0	21.4	0	0
2022-07-10T11:52	596.6	0	644.5	0	539.9	0	534.3	0	21.3	0	0
2022-07-10T11:53	1190.2	0	1283.8	0	1033.1	0	1071.8	0	21.5	0	0
2022-07-10T11:54	947.7	0	1024.4	0	830.9	0	852.2	0	21.7	0	0
2022-07-10T11:55	1164.6	0	1261.0	0	1008.5	0	1043.7	0	21.9	0	0
2022-07-10T11:56	1127.8	0	1222.8	0	973.6	0	1011.8	0	22.1	0	0
2022-07-10T11:57	881.6	0	961.7	0	768.9	0	795.1	0	22.3	0	0
2022-07-10T11:58	1035.5	0	1130.4	0	881.1	0	942.5	0	22.4	0	0
2022-07-10T11:59	1034.1	0	1126.5	0	872.3	0	950.2	0	22.5	0	0
2022-07-10T12:00	1039.2	0	1129.2	0	870.5	0	962.1	0	22.6	0	0
2022-07-10T12:01	1045.7	0	1132.2	0	872.1	0	972.1	0	22.8	0	0
2022-07-10T12:02	1057.0	0	1141.2	0	876.9	0	987.4	0	22.8	0	0
2022-07-10T12:03	777.1	0	828.8	0	646.5	0	734.9	0	22.8	0	0
2022-07-10T12:04	1092.3	0	1168.7	0	896.8	0	1031.4	0	22.9	0	0
2022-07-10T12:05	1111.9	0	1186.8	0	912.7	0	1051.3	0	23.0	0	0
2022-07-10T12:06	916.5	0	971.3	0	761.1	0	872.7	0	23.1	0	0
2022-07-10T12:07	1043.7	0	1105.5	0	866.5	0	985.6	0	23.1	0	0
2022-07-10T12:08	304.3	0	300.2	0	267.0	0	287.7	0	23.0	0	0
2022-07-10T12:09	266.0	0	260.5	0	238.9	0	246.7	0	22.9	0	0
2022-07-10T12:10	268.0	0	268.8	0	244.0	0	245.6	0	22.7	0	0
2022-07-10T12:11	282.1	0	289.5	0	257.5	0	255.0	0	22.5	0	0
2022-07-10T12:12	307.2	0	322.4	0	281.2	0	274.0	0	22.2	0	0
2022-07-10T12:13	442.7	0	478.9	0	396.5	0	403.4	0	22.1	0	0
2022-07-10T12:14	433.3	0	475.8	0	388.0	0	391.4	0	22.0	0	0
2022-07-10T12:15	1008.4	0	1105.5	0	836.7	0	935.7	0	22.0	0	0
2022-07-10T12:16	1034.0	0	1122.9	0	855.1	0	963.5	0	22.1	0	0
2022-07-10T12:17	1014.6	0	1098.0	0	835.7	0	949.5	0	22.1	0	0
2022-07-10T12:18	1013.0	0	1091.2	0	831.3	0	951.7	0	22.3	0	0
2022-07-10T12:19	1018.3	0	1090.6	0	833.6	0	958.7	0	22.4	0	0
2022-07-10T12:20	1026.0	0	1093.5	0	837.8	0	968.6	0	22.6	0	0
2022-07-10T12:21	1042.6	0	1109.2	0	850.1	0	986.6	0	22.7	0	0
2022-07-10T12:22	1058.8	0	1123.7	0	862.1	0	1002.9	0	22.8	0	0
2022-07-10T12:23	1067.0	0	1131.7	0	869.6	0	1010.6	0	22.9	0	0
2022-07-10T12:24	1061.9	0	1126.9	0	866.2	0	1005.8	0	22.9	0	0
2022-07-10T12:25	1063.5	0	1128.0	0	866.5	0	1007.9	0	23.0	0	0
2022-07-10T12:26	1063.4	0	1126.4	0	864.8	0	1009.4	0	23.2	0	0
2022-07-10T12:27	1073.1	0	1136.5	0	869.8	0	1022.2	0	23.4	0	0
2022-07-10T12:28	1083.7	0	1146.6	0	871.8	0	1038.5	0	23.6	0	0
2022-07-10T12:29	1100.2	0	1164.1	0	880.2	0	1060.1	0	23.8	0	0
2022-07-10T12:30	1126.8	0	1191.5	0	898.1	0	1089.6	0	24.0	0	0
2022-07-10T12:31	1130.0	0	1192.4	0	901.4	0	1097.1	0	24.3	0	0
2022-07-10T12:32	442.9	0	439.6	0	379.5	0	423.3	0	24.2	0	0
2022-07-10T12:33	357.3	0	354.8	0	309.5	0	336.9	0	24.0	0	0
2022-07-10T12:34	860.3	0	918.7	0	695.8	0	840.9	0	24.0	0	0
2022-07-10T12:35	1066.9	0	1124.2	0	856.8	0	1044.2	0	24.1	0	0
2022-07-10T12:36	325.6	0	320.7	0	291.4	0	301.3	0	24.1	0	0
2022-07-10T12:37	320.5	0	316.7	0	286.8	0	294.4	0	23.8	0	0
2022-07-10T12:38	342.3	0	340.2	0	305.4	0	313.9	0	23.5	0	0
2022-07-10T12:39	338.6	0	333.5	0	303.3	0	306.2	0	23.2	0	0
2022-07-10T12:40	348.6	0	343.5	0	311.5	0	314.5	0	22.9	0	0
2022-07-10T12:41	373.3	0	367.9	0	333.7	0	335.4	0	22.7	0	0
2022-07-10T12:42	726.8	0	766.3	0	600.6	0	697.3	0	22.5	0	0
2022-07-10T12:43	1150.7	0	1209.9	0	909.2	0	1117.5	0	22.6	0	0
2022-07-10T12:44	1110.9	0	1164.1	0	873.5	0	1084.0	0	22.8	0	0
2022-07-10T12:45	1101.6	0	1152.6	0	860.7	0	1082.7	0	23.0	0	0
2022-07-10T12:46	1105.6	0	1157.1	0	862.6	0	1089.9	0	23.2	0	0
2022-07-10T12:47	1115.5	0	1169.3	0	870.2	0	1100.6	0	23.4	0	0
2022-07-10T12:48	1116.0	0	1172.9	0	869.5	0	1104.7	0	23.5	0	0
2022-07-10T12:49	568.4	0	568.9	0	474.2	0	549.0	0	23.6	0	0
2022-07-10T12:50	325.2	0	316.2	0	289.3	0	297.7	0	23.5	0	0
2022-07-10T12:51	300.6	0	293.2	0	268.1	0	272.3	0	23.4	0	0
2022-07-10T12:52	314.4	0	314.2	0	276.5	0	289.3	0	23.2	0	0
2022-07-10T12:53	764.7	0	821.9	0	597.3	0	757.8	0	23.1	0	0
2022-07-10T12:54	1078.7	0	1147.4	0	821.6	0	1079.7	0	23.2	0	0
2022-07-10T12:55	1062.5	0	1128.1	0	807.1	0	1067.3	0	23.4	0	0
2022-07-10T12:56	1059.2	0	1124.2	0	802.7	0	1068.5	0	23.6	0	0
2022-07-10T12:57	1057.0	0	1118.4	0	798.8	0	1068.4	0	23.8	0	0
2022-07-10T12:58	1004.7	0	1061.2	0	760.0	0	1021.3	0	23.9	0	0
2022-07-10T12:59	498.0	0	494.8	0	400.3	0	488.3	0	24.0	0	0
2022-07-10T13:00	318.7	0	308.6	0	272.7	0	304.4	0	23.9	0	0
2022-07-10T13:01	820.4	0	861.8	0	618.4	0	830.0	0	23.8	0	0
2022-07-10T13:02	1083.5	0	1132.6	0	801.9	0	1111.2	0	24.0	0	0
2022-07-10T13:03	1004.9	0	1052.2	0	747.0	0	1036.1	0	24.1	0	0
2022-07-10T13:04	931.0	0	973.0	0	697.5	0	960.1	0	24.1	0	0
2022-07-10T13:05	621.0	0	632.0	0	486.0	0	637.0	0	24.2	0	0
2022-07-10T13:06	317.0	0	311.4	0	267.2	0	307.9	0	24.1	0	0
2022-07-10T13:07	340.7	0	342.4	0	280.7	0	336.6	0	23.8	0	0
2022-07-10T13:08	286.0	0	281.4	0	240.5	0	275.3	0	23.5	0	0
2022-07-10T13:09	247.8	0	242.6	0	209.5	0	236.7	0	23.3	0	0
2022-07-10T13:10	242.9	0	240.9	0	203.8	0	234.8	0	23.0	0	0
2022-07-10T13:11	238.1	0	237.8	0	198.1	0	230.2	0	22.7	0	0
2022-07-10T13:12	368.9	0	392.2	0	285.7	0	381.1	0	22.6	0	0
2022-07-10T13:13	918.9	0	978.3	0	651.9	0	968.4	0	22.6	0	0
2022-07-10T13:14	969.5	0	1028.9	0	681.5	0	1025.4	0	22.7	0	0
2022-07-10T13:15	972.1	0	1028.4	0	680.1	0	1031.9	0	22.9	0	0
2022-07-10T13:16	697.4	0	719.1	0	496.1	0	734.9	0	23.0	0	0
2022-07-10T13:17	277.2	0	273.7	0	217.5	0	286.6	0	22.9	0	0
2022-07-10T13:18	567.6	0	585.5	0	413.9	0	600.4	0	22.9	0	0
2022-07-10T13:19	318.7	0	319.5	0	249.2	0	328.6	0	22.8	0	0
2022-07-10T13:20	997.9	0	1047.7	0	699.9	0	1060.7	0	22.9	0	0
2022-07-10T13:21	1007.7	0	1050.6	0	708.3	0	1067.2	0	23.2	0	0
2022-07-10T13:22	1006.8	0	1050.1	0	706.6	0	1068.5	0	23.3	0	0
2022-07-10T13:23	696.7	0	705.5	0	505.9	0	729.1	0	23.3	0	0
2022-07-10T13:24	254.8	0	240.4	0	215.1	0	244.6	0	23.2	0	0
2022-07-10T13:25	402.9	0	414.1	0	314.8	0	407.2	0	23.0	0	0
2022-07-10T13:26	856.5	0	901.6	0	598.8	0	910.0	0	23.0	0	0
2022-07-10T13:27	976.8	0	1024.3	0	673.1	0	1043.7	0	23.1	0	0
2022-07-10T13:28	971.6	0	1017.6	0	664.1	0	1044.1	0	23.0	0	0
2022-07-10T13:29	980.9	0	1025.8	0	662.8	0	1060.8	0	23.0	0	0
2022-07-10T13:30	926.4	0	964.0	0	626.3	0	1012.4	0	23.2	0	0
2022-07-10T13:31	324.1	0	321.9	0	245.7	0	343.5	0	23.1	0	0
2022-07-10T13:32	509.6	0	527.2	0	361.8	0	549.6	0	23.1	0	0
2022-07-10T13:33	485.4	0	495.5	0	348.9	0	516.6	0	23.1	0	0
2022-07-10T13:34	254.7	0	244.7	0	204.7	0	255.1	0	23.1	0	0
2022-07-10T13:35	275.0	0	270.7	0	222.9	0	275.2	0	23.0	0	0
2022-07-10T13:36	828.2	0	875.3	0	569.9	0	895.2	0	23.0	0	0
2022-07-10T13:37	989.0	0	1039.9	0	668.5	0	1071.7	0	23.1	0	0
2022-07-10T13:38	954.1	0	1004.5	0	640.3	0	1038.4	0	23.3	0	0
2022-07-10T13:39	931.0	0	978.8	0	620.1	0	1018.3	0	23.4	0	0
2022-07-10T13:40	922.3	0	966.5	0	611.4	0	1010.9	0	23.6	0	0
2022-07-10T13:41	702.2	0	731.1	0	479.3	0	765.3	0	23.6	0	0
2022-07-10T13:42	904.2	0	943.6	0	595.8	0	993.7	0	23.7	0	0
2022-07-10T13:43	905.5	0	943.6	0	592.2	0	998.3	0	23.6	0	0
2022-07-10T13:44	901.2	0	938.8	0	583.4	0	999.1	0	23.6	0	0
2022-07-10T13:45	887.1	0	923.0	0	567.9	0	989.4	0	23.7	0	0
2022-07-10T13:46	878.0	0	912.3	0	556.1	0	986.5	0	23.8	0	0
2022-07-10T13:47	891.1	0	923.8	0	560.0	0	1008.3	0	23.9	0	0
2022-07-10T13:48	891.6	0	919.8	0	557.9	0	1012.6	0	24.0	0	0
2022-07-10T13:49	906.2	0	929.5	0	566.2	0	1031.9	0	24.1	0	0
2022-07-10T13:50	921.9	0	941.6	0	575.9	0	1050.5	0	24.3	0	0
2022-07-10T13:51	948.5	0	966.9	0	595.2	0	1079.1	0	24.4	0	0
2022-07-10T13:52	973.1	0	992.0	0	612.3	0	1105.5	0	24.6	0	0
2022-07-10T13:53	718.7	0	721.0	0	473.0	0	810.3	0	24.5	0	0
2022-07-10T13:54	656.5	0	661.9	0	441.4	0	732.0	0	24.4	0	0
2022-07-10T13:55	349.4	0	337.3	0	265.9	0	368.5	0	24.3	0	0
2022-07-10T13:56	327.5	0	316.7	0	253.0	0	339.1	0	24.0	0	0
2022-07-10T13:57	320.9	0	316.1	0	246.2	0	333.8	0	23.8	0	0
2022-07-10T13:58	348.9	0	353.9	0	260.2	0	373.1	0	23.6	0	0
2022-07-10T13:59	670.5	0	707.2	0	437.4	0	754.5	0	23.3	0	0
2022-07-10T14:00	968.9	0	1011.8	0	591.4	0	1109.2	0	23.3	0	0
2022-07-10T14:01	935.3	0	971.6	0	560.5	0	1078.8	0	23.4	0	0
2022-07-10T14:02	912.2	0	943.9	0	537.3	0	1061.4	0	23.5	0	0
2022-07-10T14:03	906.0	0	933.2	0	529.6	0	1058.9	0	23.6	0	0
2022-07-10T14:04	896.1	0	919.5	0	524.1	0	1047.3	0	23.6	0	0
2022-07-10T14:05	900.3	0	921.6	0	525.4	0	1053.1	0	23.7	0	0
2022-07-10T14:06	806.6	0	821.8	0	471.6	0	943.7	0	23.7	0	0
2022-07-10T14:07	832.6	0	854.4	0	477.4	0	984.2	0	23.8	0	0
2022-07-10T14:08	855.0	0	876.6	0	483.7	0	1013.8	0	23.9	0	0
2022-07-10T14:09	723.8	0	736.3	0	415.2	0	859.1	0	24.0	0	0
2022-07-10T14:10	787.0	0	801.8	0	447.3	0	934.1	0	24.0	0	0
2022-07-10T14:11	840.5	0	853.3	0	474.7	0	998.3	0	24.0	0	0
2022-07-10T14:12	893.9	0	907.1	0	501.7	0	1063.7	0	24.0	0	0
2022-07-10T14:13	891.7	0	902.5	0	503.2	0	1061.2	0	24.2	0	0
2022-07-10T14:14	928.7	0	940.4	0	526.1	0	1102.0	0	24.1	0	0
2022-07-10T14:15	777.8	0	783.6	0	447.8	0	920.7	0	24.0	0	0
2022-07-10T14:16	916.4	0	930.6	0	513.8	0	1092.0	0	24.0	0	0
2022-07-10T14:17	888.8	0	902.2	0	499.6	0	1057.8	0	23.9	0	0
2022-07-10T14:18	846.7	0	863.9	0	479.1	0	1004.8	0	24.0	0	0
2022-07-10T14:19	885.1	0	908.7	0	493.7	0	1054.7	0	24.0	0	0
2022-07-10T14:20	851.5	0	878.2	0	467.6	0	1020.6	0	24.0	0	0
2022-07-10T14:21	839.2	0	870.0	0	451.1	0	1014.1	0	24.0	0	0
2022-07-10T14:22	826.3	0	858.5	0	434.4	0	1008.8	0	23.9	0	0
2022-07-10T14:23	814.1	0	844.4	0	421.8	0	998.8	0	23.8	0	0
2022-07-10T14:24	816.0	0	847.7	0	420.6	0	1004.0	0	23.8	0	0
2022-07-10T14:25	798.7	0	829.5	0	411.8	0	983.9	0	23.7	0	0
2022-07-10T14:26	704.5	0	738.6	0	364.7	0	868.9	0	23.7	0	0
2022-07-10T14:27	795.4	0	831.5	0	403.8	0	983.7	0	23.7	0	0
2022-07-10T14:28	750.4	0	786.9	0	381.6	0	928.7	0	23.6	0	0
2022-07-10T14:29	791.6	0	830.0	0	399.5	0	980.0	0	23.6	0	0
2022-07-10T14:30	780.2	0	816.7	0	393.7	0	964.6	0	23.6	0	0
2022-07-10T14:31	763.1	0	797.4	0	385.8	0	942.8	0	23.7	0	0
2022-07-10T14:32	752.2	0	784.4	0	378.8	0	931.5	0	23.7	0	0
2022-07-10T14:33	747.4	0	776.5	0	372.2	0	929.2	0	23.8	0	0
2022-07-10T14:34	741.6	0	767.4	0	365.5	0	926.5	0	23.9	0	0
2022-07-10T14:35	738.2	0	761.1	0	361.5	0	925.4	0	23.8	0	0
2022-07-10T14:36	737.0	0	756.5	0	359.3	0	924.5	0	23.8	0	0
2022-07-10T14:37	737.3	0	754.2	0	358.2	0	924.7	0	23.7	0	0
2022-07-10T14:38	735.7	0	750.8	0	356.8	0	923.0	0	23.8	0	0
2022-07-10T14:39	732.2	0	744.8	0	354.3	0	918.7	0	23.8	0	0
2022-07-10T14:40	729.5	0	739.9	0	351.7	0	916.3	0	23.7	0	0
2022-07-10T14:41	729.4	0	737.8	0	349.0	0	918.2	0	23.6	0	0
2022-07-10T14:42	730.9	0	736.4	0	347.5	0	921.5	0	23.6	0	0
2022-07-10T14:43	736.4	0	739.5	0	349.5	0	929.3	0	23.7	0	0
2022-07-10T14:44	741.0	0	741.2	0	351.8	0	935.3	0	23.7	0	0
2022-07-10T14:45	747.1	0	743.7	0	356.8	0	941.7	0	23.8	0	0
2022-07-10T14:46	754.8	0	747.8	0	363.6	0	948.3	0	23.8	0	0
2022-07-10T14:47	762.1	0	751.9	0	369.5	0	953.8	0	23.8	0	0
2022-07-10T14:48	767.9	0	756.0	0	374.0	0	958.8	0	23.9	0	0
2022-07-10T14:49	766.6	0	755.0	0	373.4	0	957.4	0	24.0	0	0
2022-07-10T14:50	763.1	0	751.7	0	371.6	0	953.1	0	24.0	0	0
2022-07-10T14:51	752.0	0	740.5	0	364.5	0	940.6	0	24.0	0	0
2022-07-10T14:52	752.0	0	741.3	0	359.9	0	944.0	0	23.9	0	0
2022-07-10T14:53	748.4	0	737.2	0	352.5	0	943.9	0	23.8	0	0
2022-07-10T14:54	739.7	0	728.2	0	341.1	0	938.5	0	23.7	0	0
2022-07-10T14:55	734.8	0	721.8	0	333.9	0	937.3	0	23.7	0	0
2022-07-10T14:56	733.7	0	719.0	0	330.5	0	939.5	0	23.7	0	0
2022-07-10T14:57	735.6	0	718.7	0	329.2	0	944.4	0	23.7	0	0
2022-07-10T14:58	738.3	0	720.0	0	329.1	0	949.4	0	23.6	0	0
2022-07-10T14:59	735.3	0	715.7	0	326.8	0	946.5	0	23.6	0	0
2022-07-10T15:00	738.1	0	719.9	0	325.4	0	952.1	0	23.7	0	0
2022-07-10T15:01	735.8	0	718.3	0	321.6	0	952.8	0	23.7	0	0
2022-07-10T15:02	735.6	0	718.4	0	319.4	0	954.2	0	23.7	0	0
2022-07-10T15:03	728.9	0	713.1	0	313.4	0	948.0	0	23.6	0	0
2022-07-10T15:04	716.0	0	701.6	0	302.2	0	935.2	0	23.5	0	0
2022-07-10T15:05	705.5	0	693.1	0	293.7	0	924.8	0	23.4	0	0
2022-07-10T15:06	696.2	0	684.6	0	284.9	0	915.7	0	23.4	0	0
2022-07-10T15:07	675.9	0	665.2	0	265.9	0	899.1	0	23.4	0	0
2022-07-10T15:08	652.5	0	642.4	0	245.2	0	879.2	0	23.4	0	0
2022-07-10T15:09	640.1	0	629.1	0	234.0	0	868.2	0	23.3	0	0
2022-07-10T15:10	636.4	0	624.0	0	230.2	0	865.1	0	23.3	0	0
2022-07-10T15:11	631.2	0	617.8	0	226.6	0	860.2	0	23.4	0	0
2022-07-10T15:12	628.1	0	614.1	0	223.6	0	857.8	0	23.3	0	0
2022-07-10T15:13	626.1	0	610.5	0	220.7	0	856.4	0	23.3	0	0
2022-07-10T15:14	624.6	0	608.2	0	218.3	0	856.2	0	23.2	0	0
2022-07-10T15:15	624.9	0	606.8	0	216.1	0	857.7	0	23.1	0	0
2022-07-10T15:16	621.6	0	601.6	0	213.2	0	854.1	0	23.1	0	0
2022-07-10T15:17	618.2	0	596.6	0	210.2	0	850.9	0	23.0	0	0
2022-07-10T15:18	614.9	0	592.2	0	206.6	0	848.3	0	22.9	0	0
2022-07-10T15:19	612.2	0	588.4	0	202.9	0	847.3	0	22.9	0	0
2022-07-10T15:20	611.1	0	587.0	0	199.6	0	848.5	0	23.0	0	0
2022-07-10T15:21	607.8	0	583.2	0	195.7	0	846.4	0	23.0	0	0
2022-07-10T15:22	604.8	0	579.5	0	192.0	0	844.8	0	23.1	0	0
2022-07-10T15:23	600.4	0	574.3	0	188.4	0	840.2	0	23.1	0	0
2022-07-10T15:24	597.9	0	571.0	0	185.5	0	838.7	0	23.1	0	0
2022-07-10T15:25	587.9	0	561.3	0	180.1	0	827.2	0	23.1	0	0
2022-07-10T15:26	358.4	0	341.7	0	122.2	0	505.1	0	23.1	0	0
2022-07-10T15:27	479.1	0	461.5	0	149.1	0	681.0	0	23.0	0	0
2022-07-10T15:28	586.7	0	556.6	0	172.1	0	832.1	0	23.0	0	0
2022-07-10T15:29	583.3	0	552.4	0	169.2	0	829.7	0	23.1	0	0
2022-07-10T15:30	581.3	0	549.5	0	166.4	0	829.4	0	23.1	0	0
2022-07-10T15:31	577.9	0	545.8	0	163.3	0	826.9	0	23.2	0	0
2022-07-10T15:32	576.8	0	543.4	0	160.8	0	826.6	0	23.1	0	0
2022-07-10T15:33	575.9	0	541.0	0	158.1	0	827.1	0	23.0	0	0
2022-07-10T15:34	573.2	0	537.7	0	155.2	0	825.8	0	23.0	0	0
2022-07-10T15:35	572.0	0	535.5	0	152.9	0	825.9	0	23.0	0	0
2022-07-10T15:36	571.8	0	534.4	0	152.1	0	827.2	0	23.1	0	0
2022-07-10T15:37	575.6	0	536.6	0	153.4	0	833.4	0	23.2	0	0
2022-07-10T15:38	580.0	0	539.7	0	155.1	0	839.3	0	23.2	0	0
2022-07-10T15:39	580.8	0	539.8	0	155.3	0	839.9	0	23.2	0	0
2022-07-10T15:40	575.4	0	534.5	0	150.8	0	835.5	0	23.3	0	0
2022-07-10T15:41	564.6	0	523.3	0	142.6	0	825.5	0	23.4	0	0
2022-07-10T15:42	556.2	0	513.8	0	135.7	0	818.4	0	23.4	0	0
2022-07-10T15:43	550.6	0	507.0	0	130.7	0	813.3	0	23.4	0	0
2022-07-10T15:44	545.6	0	501.1	0	127.2	0	808.3	0	23.3	0	0
2022-07-10T15:45	541.1	0	496.4	0	123.6	0	804.6	0	23.3	0	0
2022-07-10T15:46	539.4	0	494.0	0	121.1	0	804.3	0	23.2	0	0
2022-07-10T15:47	536.8	0	490.0	0	119.5	0	801.6	0	23.1	0	0
2022-07-10T15:48	536.6	0	489.3	0	119.3	0	802.5	0	23.0	0	0
2022-07-10T15:49	535.0	0	486.9	0	118.5	0	801.1	0	23.0	0	0
2022-07-10T15:50	534.0	0	485.1	0	116.2	0	802.1	0	23.0	0	0
2022-07-10T15:51	532.3	0	481.3	0	113.0	0	802.3	0	23.0	0	0
2022-07-10T15:52	532.1	0	480.2	0	110.9	0	805.4	0	23.1	0	0
2022-07-10T15:53	533.5	0	480.4	0	109.7	0	810.5	0	23.1	0	0
2022-07-10T15:54	531.1	0	476.6	0	107.4	0	809.0	0	23.2	0	0
2022-07-10T15:55	527.6	0	472.5	0	104.4	0	806.9	0	23.2	0	0
2022-07-10T15:56	529.3	0	473.0	0	103.0	0	812.7	0	23.3	0	0
2022-07-10T15:57	535.6	0	478.0	0	103.4	0	825.0	0	23.3	0	0
2022-07-10T15:58	523.7	0	467.7	0	102.0	0	808.5	0	23.2	0	0
2022-07-10T15:59	201.2	0	177.8	0	72.6	0	296.8	0	23.1	0	0
2022-07-10T16:00	274.0	0	246.7	0	76.4	0	411.3	0	23.1	0	0
2022-07-10T16:01	87.2	0	80.8	0	55.7	0	114.2	0	22.9	0	0
2022-07-10T16:02	79.2	0	67.4	0	48.0	0	110.3	0	22.7	0	0
2022-07-10T16:03	78.9	0	72.6	0	51.1	0	104.0	0	22.4	0	0
2022-07-10T16:04	77.4	0	69.1	0	49.8	0	100.9	0	22.1	0	0
2022-07-10T16:05	67.7	0	65.4	0	44.4	0	87.5	0	22.0	0	0
2022-07-10T16:06	70.9	0	69.0	0	41.8	0	102.4	0	21.8	0	0
2022-07-10T16:07	74.2	0	73.2	0	50.0	0	114.8	0	21.7	0	0
2022-07-10T16:08	77.2	0	81.0	0	51.2	0	114.4	0	21.6	0	0
2022-07-10T16:09	96.1	0	86.1	0	52.7	0	135.7	0	21.4	0	0
2022-07-10T16:10	165.1	0	146.5	0	57.5	0	245.0	0	21.3	0	0
2022-07-10T16:11	122.0	0	110.0	0	55.8	0	174.0	0	21.2	0	0
2022-07-10T16:12	102.3	0	92.1	0	53.2	0	140.4	0	21.1	0	0
2022-07-10T16:13	83.6	0	74.7	0	50.2	0	110.5	0	21.0	0	0
2022-07-10T16:14	85.6	0	76.1	0	50.4	0	115.1	0	20.9	0	0
2022-07-10T16:15	88.3	0	77.4	0	51.5	0	118.4	0	20.8	0	0
2022-07-10T16:16	93.7	0	81.2	0	52.3	0	127.7	0	20.7	0	0
2022-07-10T16:17	380.3	0	317.5	0	61.8	0	616.6	0	20.7	0	0
2022-07-10T16:18	100.0	0	85.3	0	52.1	0	139.8	0	20.7	0	0
2022-07-10T16:19	227.5	0	194.3	0	54.7	0	359.5	0	20.6	0	0
2022-07-10T16:20	449.8	0	370.4	0	62.2	0	746.1	0	20.7	0	0
2022-07-10T16:21	380.4	0	315.1	0	59.8	0	630.3	0	20.8	0	0
2022-07-10T16:22	438.9	0	357.0	0	62.7	0	731.6	0	20.8	0	0
2022-07-10T16:23	96.4	0	83.0	0	51.4	0	132.7	0	20.8	0	0
2022-07-10T16:24	93.4	0	79.6	0	51.2	0	126.4	0	20.7	0	0
2022-07-10T16:25	92.3	0	78.2	0	51.7	0	123.6	0	20.7	0	0
2022-07-10T16:26	89.5	0	75.8	0	52.0	0	118.3	0	20.6	0	0
2022-07-10T16:27	89.9	0	76.2	0	52.8	0	119.3	0	20.5	0	0
2022-07-10T16:28	94.5	0	80.0	0	54.4	0	127.2	0	20.5	0	0
2022-07-10T16:29	116.0	0	97.6	0	55.3	0	169.1	0	20.4	0	0
2022-07-10T16:30	130.4	0	108.6	0	56.5	0	195.5	0	20.4	0	0
2022-07-10T16:31	297.4	0	236.3	0	63.4	0	496.2	0	20.4	0	0
2022-07-10T16:32	350.8	0	275.1	0	67.4	0	586.0	0	20.4	0	0
2022-07-10T16:33	428.5	0	330.1	0	70.7	0	723.6	0	20.5	0	0
2022-07-10T16:34	424.1	0	324.2	0	71.6	0	716.1	0	20.6	0	0
2022-07-10T16:35	424.0	0	321.8	0	73.7	0	715.0	0	20.7	0	0
2022-07-10T16:36	424.0	0	320.3	0	76.7	0	712.8	0	20.8	0	0
2022-07-10T16:37	425.8	0	320.3	0	81.7	0	711.3	0	20.8	0	0
2022-07-10T16:38	428.2	0	320.3	0	88.5	0	708.2	0	20.9	0	0
2022-07-10T16:39	341.3	0	255.6	0	94.3	0	540.9	0	21.0	0	0
2022-07-10T16:40	306.5	0	233.9	0	103.4	0	470.2	0	21.0	0	0
2022-07-10T16:41	443.8	0	331.1	0	116.4	0	710.4	0	21.1	0	0
2022-07-10T16:42	449.8	0	337.4	0	123.1	0	717.1	0	21.2	0	0
2022-07-10T16:43	452.5	0	341.5	0	130.3	0	717.7	0	21.3	0	0
2022-07-10T16:44	455.8	0	344.6	0	135.7	0	720.2	0	21.4	0	0
2022-07-10T16:45	455.6	0	344.5	0	137.9	0	719.7	0	21.5	0	0
2022-07-10T16:46	453.0	0	341.5	0	138.4	0	716.6	0	21.5	0	0
2022-07-10T16:47	448.6	0	337.4	0	137.0	0	712.2	0	21.6	0	0
2022-07-10T16:48	443.4	0	331.6	0	134.0	0	707.1	0	21.7	0	0
2022-07-10T16:49	434.5	0	322.7	0	130.0	0	696.6	0	21.8	0	0
2022-07-10T16:50	424.5	0	313.4	0	126.3	0	683.9	0	21.8	0	0
2022-07-10T16:51	419.3	0	307.1	0	123.8	0	678.6	0	21.9	0	0
2022-07-10T16:52	416.3	0	302.9	0	121.9	0	677.3	0	21.9	0	0
2022-07-10T16:53	306.1	0	228.1	0	116.4	0	475.3	0	21.9	0	0
2022-07-10T16:54	128.0	0	112.7	0	106.1	0	138.4	0	21.7	0	0
2022-07-10T16:55	117.6	0	103.7	0	101.7	0	122.2	0	21.7	0	0
2022-07-10T16:56	111.6	0	97.9	0	97.7	0	115.7	0	21.5	0	0
2022-07-10T16:57	104.3	0	92.0	0	93.2	0	107.6	0	21.4	0	0
2022-07-10T16:58	97.9	0	86.5	0	88.8	0	100.3	0	21.3	0	0
2022-07-10T16:59	91.4	0	81.4	0	84.0	0	93.6	0	21.2	0	0
2022-07-10T17:00	86.5	0	77.5	0	79.7	0	89.0	0	21.1	0	0
2022-07-10T17:01	81.2	0	73.7	0	74.7	0	84.6	0	21.0	0	0
2022-07-10T17:02	76.9	0	70.3	0	69.7	0	81.7	0	20.9	0	0
2022-07-10T17:03	75.0	0	68.6	0	66.0	0	81.6	0	20.8	0	0
2022-07-10T17:04	73.0	0	67.2	0	63.1	0	81.1	0	20.7	0	0
2022-07-10T17:05	70.0	0	65.0	0	60.0	0	78.8	0	20.6	0	0
2022-07-10T17:06	67.0	0	62.3	0	57.1	0	76.1	0	20.5	0	0
2022-07-10T17:07	65.9	0	60.9	0	54.7	0	75.7	0	20.4	0	0
2022-07-10T17:08	65.0	0	60.0	0	52.9	0	76.1	0	20.3	0	0
2022-07-10T17:09	65.0	0	59.2	0	51.6	0	76.8	0	20.2	0	0
2022-07-10T17:10	65.0	0	57.6	0	50.7	0	77.5	0	20.2	0	0
2022-07-10T17:11	65.8	0	57.0	0	50.2	0	79.9	0	20.1	0	0
2022-07-10T17:12	68.2	0	57.5	0	50.3	0	84.0	0	20.0	0	0
2022-07-10T17:13	71.5	0	58.3	0	51.2	0	88.6	0	19.9	0	0
2022-07-10T17:14	74.1	0	59.7	0	52.2	0	92.2	0	19.9	0	0
2022-07-10T17:15	75.0	0	60.4	0	52.8	0	93.4	0	19.8	0	0
2022-07-10T17:16	74.0	0	60.5	0	52.6	0	91.9	0	19.8	0	0
2022-07-10T17:17	72.2	0	59.4	0	51.5	0	89.7	0	19.7	0	0
2022-07-10T17:18	69.2	0	57.1	0	50.1	0	85.8	0	19.7	0	0
2022-07-10T17:19	66.3	0	55.2	0	48.8	0	82.2	0	19.7	0	0
2022-07-10T17:20	64.3	0	53.2	0	47.5	0	80.2	0	19.6	0	0
2022-07-10T17:21	64.0	0	52.4	0	47.1	0	80.2	0	19.6	0	0
2022-07-10T17:22	64.2	0	52.4	0	47.3	0	81.0	0	19.6	0	0
2022-07-10T17:23	65.6	0	52.7	0	48.3	0	82.6	0	19.6	0	0
2022-07-10T17:24	68.0	0	54.1	0	50.1	0	85.5	0	19.5	0	0
2022-07-10T17:25	70.8	0	55.8	0	52.3	0	88.6	0	19.5	0	0
2022-07-10T17:26	73.1	0	57.7	0	54.4	0	91.5	0	19.5	0	0
2022-07-10T17:27	75.7	0	59.5	0	56.6	0	94.6	0	19.5	0	0
2022-07-10T17:28	78.0	0	60.8	0	59.1	0	96.3	0	19.4	0	0
2022-07-10T17:29	80.4	0	63.2	0	61.7	0	97.9	0	19.4	0	0
2022-07-10T17:30	82.6	0	65.2	0	63.8	0	99.8	0	19.4	0	0
2022-07-10T17:31	84.7	0	67.3	0	65.7	0	102.2	0	19.4	0	0
2022-07-10T17:32	86.9	0	69.9	0	67.6	0	105.0	0	19.4	0	0
2022-07-10T17:33	88.5	0	71.9	0	68.8	0	107.0	0	19.4	0	0
2022-07-10T17:34	87.4	0	71.5	0	67.9	0	106.6	0	19.4	0	0
2022-07-10T17:35	84.3	0	69.3	0	65.5	0	103.6	0	19.4	0	0
2022-07-10T17:36	80.8	0	66.1	0	63.0	0	99.9	0	19.4	0	0
2022-07-10T17:37	78.3	0	63.6	0	60.9	0	97.3	0	19.4	0	0
2022-07-10T17:38	87.0	0	65.3	0	61.0	0	119.7	0	19.4	0	0
2022-07-10T17:39	117.6	0	74.1	0	63.4	0	188.7	0	19.4	0	0
2022-07-10T17:40	81.0	0	67.0	0	63.9	0	101.0	0	19.4	0	0
2022-07-10T17:41	80.8	0	67.6	0	64.8	0	99.4	0	19.4	0	0
2022-07-10T17:42	81.0	0	68.2	0	65.3	0	100.5	0	19.4	0	0
2022-07-10T17:43	81.6	0	68.3	0	65.3	0	101.0	0	19.5	0	0
2022-07-10T17:44	81.6	0	67.8	0	64.4	0	102.7	0	19.5	0	0
2022-07-10T17:45	80.8	0	67.1	0	63.0	0	103.7	0	19.5	0	0
2022-07-10T17:46	79.6	0	66.9	0	62.1	0	101.6	0	19.5	0	0
2022-07-10T17:47	77.2	0	66.5	0	61.7	0	95.6	0	19.5	0	0
2022-07-10T17:48	76.1	0	66.2	0	61.3	0	93.5	0	19.5	0	0
2022-07-10T17:49	75.2	0	64.9	0	60.1	0	93.5	0	19.6	0	0
2022-07-10T17:50	81.8	0	64.6	0	59.1	0	113.6	0	19.6	0	0
2022-07-10T17:51	112.8	0	66.7	0	59.0	0	195.6	0	19.6	0	0
2022-07-10T17:52	80.0	0	62.3	0	56.8	0	113.7	0	19.6	0	0
2022-07-10T17:53	95.3	0	62.9	0	57.1	0	154.9	0	19.6	0	0
2022-07-10T17:54	132.0	0	65.3	0	58.3	0	251.1	0	19.7	0	0
2022-07-10T17:55	172.1	0	67.5	0	60.5	0	356.6	0	19.7	0	0
2022-07-10T17:56	184.5	0	67.7	0	62.0	0	389.9	0	19.8	0	0
2022-07-10T17:57	184.2	0	67.0	0	62.8	0	390.0	0	19.8	0	0
2022-07-10T17:58	184.0	0	66.6	0	63.6	0	389.4	0	19.9	0	0
2022-07-10T17:59	181.8	0	66.2	0	64.3	0	383.7	0	20.0	0	0
2022-07-10T18:00	180.2	0	65.8	0	64.6	0	379.6	0	20.0	0	0
2022-07-10T18:01	176.9	0	65.8	0	64.7	0	370.8	0	20.1	0	0
2022-07-10T18:02	171.8	0	66.1	0	64.1	0	358.0	0	20.1	0	0
2022-07-10T18:03	146.5	0	65.2	0	61.9	0	289.8	0	20.2	0	0
2022-07-10T18:04	96.7	0	63.0	0	58.0	0	154.7	0	20.2	0	0
2022-07-10T18:05	80.5	0	61.6	0	55.4	0	112.8	0	20.2	0	0
2022-07-10T18:06	75.5	0	60.0	0	53.4	0	101.8	0	20.2	0	0
2022-07-10T18:07	73.5	0	59.3	0	52.2	0	98.3	0	20.2	0	0
2022-07-10T18:08	72.5	0	58.5	0	51.4	0	97.6	0	20.1	0	0
2022-07-10T18:09	73.0	0	57.9	0	51.0	0	100.1	0	20.1	0	0
2022-07-10T18:10	76.3	0	57.6	0	50.8	0	110.7	0	20.0	0	0
2022-07-10T18:11	90.8	0	57.7	0	51.2	0	156.1	0	20.0	0	0
2022-07-10T18:12	122.6	0	58.0	0	52.4	0	254.0	0	20.0	0	0
2022-07-10T18:13	137.4	0	58.2	0	53.0	0	301.1	0	20.0	0	0
2022-07-10T18:14	133.2	0	57.9	0	52.7	0	291.2	0	20.0	0	0
2022-07-10T18:15	136.1	0	58.1	0	53.3	0	301.5	0	20.0	0	0
2022-07-10T18:16	141.4	0	59.1	0	54.1	0	319.0	0	20.0	0	0
2022-07-10T18:17	137.5	0	59.5	0	54.1	0	307.9	0	20.0	0	0
2022-07-10T18:18	123.0	0	59.2	0	53.1	0	264.1	0	20.0	0	0
2022-07-10T18:19	130.8	0	58.4	0	52.6	0	294.5	0	20.0	0	0
2022-07-10T18:20	128.2	0	56.3	0	50.7	0	294.0	0	20.0	0	0
2022-07-10T18:21	124.8	0	54.2	0	48.9	0	291.1	0	20.0	0	0
2022-07-10T18:22	121.1	0	52.7	0	47.3	0	284.6	0	20.0	0	0
2022-07-10T18:23	116.6	0	51.5	0	45.9	0	274.2	0	20.0	0	0
2022-07-10T18:24	110.3	0	50.2	0	44.5	0	258.2	0	19.9	0	0
2022-07-10T18:25	111.0	0	48.4	0	43.5	0	268.0	0	19.9	0	0
2022-07-10T18:26	98.3	0	46.4	0	41.6	0	230.8	0	19.9	0	0
2022-07-10T18:27	94.3	0	44.6	0	40.4	0	223.6	0	19.8	0	0
2022-07-10T18:28	68.3	0	42.2	0	37.8	0	136.1	0	19.8	0	0
2022-07-10T18:29	69.2	0	41.3	0	37.6	0	142.2	0	19.8	0	0
2022-07-10T18:30	69.8	0	40.9	0	37.4	0	147.4	0	19.7	0	0
2022-07-10T18:31	77.1	0	40.5	0	37.3	0	179.3	0	19.7	0	0
2022-07-10T18:32	88.4	0	39.8	0	37.5	0	225.1	0	19.7	0	0
2022-07-10T18:33	63.0	0	38.2	0	34.9	0	128.0	0	19.6	0	0
2022-07-10T18:34	46.1	0	36.4	0	32.9	0	66.5	0	19.6	0	0
2022-07-10T18:35	44.9	0	35.5	0	32.0	0	64.4	0	19.5	0	0
2022-07-10T18:36	42.9	0	34.5	0	31.0	0	60.6	0	19.5	0	0
2022-07-10T18:37	42.0	0	33.8	0	30.3	0	58.9	0	19.4	0	0
2022-07-10T18:38	41.1	0	33.0	0	30.0	0	57.8	0	19.4	0	0
2022-07-10T18:39	40.4	0	32.6	0	29.8	0	55.8	0	19.4	0	0
2022-07-10T18:40	39.6	0	32.2	0	29.4	0	53.8	0	19.3	0	0
2022-07-10T18:41	39.0	0	32.1	0	28.8	0	52.6	0	19.3	0	0
2022-07-10T18:42	38.7	0	31.8	0	28.1	0	52.7	0	19.3	0	0
2022-07-10T18:43	37.4	0	31.0	0	27.2	0	50.2	0	19.2	0	0
2022-07-10T18:44	35.6	0	30.0	0	26.0	0	47.7	0	19.2	0	0
2022-07-10T18:45	34.1	0	28.7	0	24.8	0	47.9	0	19.2	0	2
2022-07-10T18:46	33.7	0	26.7	0	23.8	0	52.9	0	19.1	0	2
2022-07-10T18:47	31.6	0	25.3	0	22.7	0	48.4	0	19.1	0	2
2022-07-10T18:48	28.4	0	23.9	0	21.7	0	38.1	0	19.1	0	2
2022-07-10T18:49	26.8	0	22.5	0	20.9	0	35.6	0	19.0	0	2
2022-07-10T18:50	25.4	0	21.5	0	19.9	0	33.6	0	19.0	0	2
2022-07-10T18:51	23.4	0	20.2	0	18.8	0	31.3	0	18.9	0	2
2022-07-10T18:52	21.1	0	18.8	0	17.3	0	28.5	0	18.9	0	2
2022-07-10T18:53	19.0	0	16.9	0	15.8	0	26.1	0	18.8	0	2
2022-07-10T18:54	17.3	0	15.6	0	14.8	0	24.3	0	18.8	0	2
2022-07-10T18:55	16.2	0	14.8	0	14.2	0	23.2	0	18.7	0	2
2022-07-10T18:56	15.5	0	14.3	0	13.4	0	22.2	0	18.7	0	0
2022-07-10T18:57	14.9	0	14.0	0	13.3	0	21.2	0	18.6	0	0
2022-07-10T18:58	14.0	0	13.7	0	12.9	0	20.3	0	18.6	0	0
2022-07-10T18:59	13.4	0	13.1	0	12.6	0	19.3	0	18.5	0	0
2022-07-10T19:00	12.6	0	12.8	0	12.3	0	18.3	0	18.5	0	0
2022-07-10T19:01	11.6	0	12.2	0	11.6	0	17.0	0	18.4	0	0
2022-07-10T19:02	11.0	0	11.6	0	11.1	0	16.0	0	18.4	0	2
2022-07-10T19:03	10.0	0	11.0	0	10.6	0	15.1	0	18.4	0	2
2022-07-10T19:04	9.8	0	10.6	0	10.3	0	14.6	0	18.3	0	2
2022-07-10T19:05	9.0	0	10.3	0	9.8	0	14.0	0	18.3	0	2
2022-07-10T19:06	8.5	0	10.0	0	9.4	0	13.3	0	18.3	0	2
2022-07-10T19:07	8.0	0	9.7	0	9.0	0	12.5	0	18.2	0	2
2022-07-10T19:08	7.7	0	9.5	0	8.7	0	11.9	0	18.2	0	2
2022-07-10T19:09	7.0	0	9.2	0	8.4	0	11.2	0	18.1	0	2
2022-07-10T19:10	7.0	0	8.8	0	8.0	0	10.5	0	18.1	0	2
2022-07-10T19:11	6.0	0	8.3	0	7.7	0	9.7	0	18.1	0	2
2022-07-10T19:12	5.7	0	7.9	0	7.4	0	9.0	0	18.0	0	2
2022-07-10T19:13	5.0	0	7.5	0	6.9	0	8.4	0	18.0	0	2
2022-07-10T19:14	4.5	0	7.0	0	6.4	0	7.5	0	18.0	0	2
2022-07-10T19:15	4.0	0	6.6	0	5.9	0	7.0	0	17.9	0	2
2022-07-10T19:16	3.2	0	6.0	0	5.5	0	6.5	0	17.9	0	2
2022-07-10T19:17	3.0	0	5.7	0	5.3	0	6.1	0	17.9	0	2
2022-07-10T19:18	2.9	0	5.5	0	5.1	0	5.6	0	17.9	0	2
2022-07-10T19:19	2.0	0	5.1	0	4.7	0	5.1	0	17.8	0	2
2022-07-10T19:20	2.0	0	4.7	0	4.3	0	4.8	0	17.8	0	0
2022-07-10T19:21	2.0	0	4.3	0	4.0	0	4.8	0	17.8	0	0
2022-07-10T19:22	1.1	0	4.0	0	3.7	0	4.3	0	17.8	0	0
2022-07-10T19:23	1.0	0	3.6	0	3.4	0	3.7	0	17.8	0	0
2022-07-10T19:24	1.0	0	3.2	0	3.2	0	3.2	0	17.7	0	0
2022-07-10T19:25	0.8	0	3.2	0	3.1	0	3.2	0	17.7	0	0
2022-07-10T19:26	0.0	0	3.2	0	3.1	0	3.2	0	17.7	0	0
2022-07-10T19:27	0.0	0	3.0	0	3.1	0	3.2	0	17.7	0	0
2022-07-10T19:28	0.0	0	2.6	0	3.0	0	3.1	0	17.6	0	0
2022-07-10T19:29	0.0	0	2.0	0	2.5	0	2.4	0	17.6	0	0
2022-07-10T19:30	0.0	0	1.6	0	2.0	0	1.7	0	17.6	0	0
2022-07-10T19:31	0.0	0	1.6	0	1.6	0	1.6	0	17.6	0	0
2022-07-10T19:32	0.0	0	1.6	0	1.5	0	1.6	0	17.6	0	0
2022-07-10T19:33	0.0	0	1.6	0	1.5	0	1.6	0	17.6	0	0
2022-07-10T19:34	0.0	0	1.6	0	1.5	0	1.6	0	17.5	0	0
2022-07-10T19:35	0.0	0	1.6	0	1.5	0	1.6	0	17.5	0	0
2022-07-10T19:36	0.0	0	1.5	0	1.5	0	1.6	0	17.5	0	0
2022-07-10T19:37	0.0	0	1.3	0	1.5	0	1.4	0	17.5	0	0
2022-07-10T19:38	0.0	0	1.1	0	1.5	0	0.8	0	17.5	0	0
2022-07-10T19:39	0.0	0	0.8	0	1.5	0	0.4	0	17.5	0	0
2022-07-10T19:40	0.0	0	0.3	0	1.5	0	0.1	0	17.4	0	0
2022-07-10T19:41	0.0	0	0.0	0	1.4	0	0.0	0	17.4	0	0
2022-07-10T19:42	0.0	0	0.0	0	1.1	0	0.0	0	17.4	0	0
2022-07-10T19:43	0.0	0	0.0	0	0.7	0	0.0	0	17.4	0	0
2022-07-10T19:44	0.0	0	0.0	0	0.5	0	0.0	0	17.4	0	0
2022-07-10T19:45	0.0	0	0.0	0	0.5	0	0.0	0	17.3	0	0
2022-07-10T19:46	0.0	0	0.0	0	0.4	0	0.0	0	17.3	0	0
2022-07-10T19:47	0.0	0	0.0	0	0.2	0	0.0	0	17.3	0	0
2022-07-10T19:48	0.0	0	0.0	0	0.1	0	0.0	0	17.3	0	0
2022-07-10T19:49	0.0	0	0.0	0	0.1	0	0.0	0	17.2	0	0
2022-07-10T19:50	0.0	0	0.0	0	0.1	0	0.0	0	17.2	0	0
2022-07-10T19:51	0.0	0	0.0	0	0.0	0	0.0	0	17.2	0	0
2022-07-10T19:52	0.0	0	0.0	0	0.0	0	0.0	0	17.1	0	0
2022-07-10T19:53	0.0	0	0.0	0	0.0	0	0.0	0	17.1	0	0
2022-07-10T19:54	0.0	0	0.0	0	0.0	0	0.0	0	17.1	0	0
2022-07-10T19:55	0.0	0	0.0	0	0.0	0	0.0	0	17.1	0	0
2022-07-10T19:56	0.0	0	0.0	0	0.0	0	0.0	0	17.1	0	0
2022-07-10T19:57	0.0	0	0.0	0	0.0	0	0.0	0	17.1	0	0
2022-07-10T19:58	0.0	0	0.0	0	0.0	0	0.0	0	17.0	0	0
2022-07-10T19:59	0.0	0	0.0	0	0.0	0	0.0	0	17.0	0	0
2022-07-10T20:00	0.0	0	0.0	0	0.0	0	0.0	0	17.0	0	0
2022-07-10T20:01	0.0	0	0.0	0	0.0	0	0.0	0	17.0	0	0
2022-07-10T20:02	0.0	0	0.0	0	0.0	0	0.0	0	17.0	0	0
2022-07-10T20:03	0.0	0	0.0	0	0.0	0	0.0	0	16.9	0	0
2022-07-10T20:04	0.0	0	0.0	0	0.0	0	0.0	0	16.9	0	0
2022-07-10T20:05	0.0	0	0.0	0	0.0	0	0.0	0	16.9	0	0
2022-07-10T20:06	0.0	0	0.0	0	0.0	0	0.0	0	16.9	0	0
2022-07-10T20:07	0.0	0	0.0	0	0.0	0	0.0	0	16.9	0	0
2022-07-10T20:08	0.0	0	0.0	0	0.0	0	0.0	0	16.8	0	0
2022-07-10T20:09	0.0	0	0.0	0	0.0	0	0.0	0	16.8	0	0
2022-07-10T20:10	0.0	0	0.0	0	0.0	0	0.0	0	16.8	0	0
2022-07-10T20:11	0.0	0	0.0	0	0.0	0	0.0	0	16.8	0	0
2022-07-10T20:12	0.0	0	0.0	0	0.0	0	0.0	0	16.8	0	0
2022-07-10T20:13	0.0	0	0.0	0	0.0	0	0.0	0	16.8	0	0
2022-07-10T20:14	0.0	0	0.0	0	0.0	0	0.0	0	16.8	0	0
2022-07-10T20:15	0.0	0	0.0	0	0.0	0	0.0	0	16.8	0	0
2022-07-10T20:16	0.0	0	0.0	0	0.0	0	0.0	0	16.8	0	0
2022-07-10T20:17	0.0	0	0.0	0	0.0	0	0.0	0	16.8	0	0
2022-07-10T20:18	0.0	0	0.0	0	0.0	0	0.0	0	16.7	0	0
2022-07-10T20:19	0.0	0	0.0	0	0.0	0	0.0	0	16.7	0	0
2022-07-10T20:20	0.0	0	0.0	0	0.0	0	0.0	0	16.7	0	0
2022-07-10T20:21	0.0	0	0.0	0	0.0	0	0.0	0	16.7	0	0
2022-07-10T20:22	0.0	0	0.0	0	0.0	0	0.0	0	16.7	0	0
2022-07-10T20:23	0.0	0	0.0	0	0.0	0	0.0	0	16.7	0	0
2022-07-10T20:24	0.0	0	0.0	0	0.0	0	0.0	0	16.7	0	0
2022-07-10T20:25	0.0	0	0.0	0	0.0	0	0.0	0	16.8	0	0
2022-07-10T20:26	0.0	0	0.0	0	0.0	0	0.0	0	16.7	0	0
2022-07-10T20:27	0.0	0	0.0	0	0.0	0	0.0	0	16.7	0	0
2022-07-10T20:28	0.0	0	0.0	0	0.0	0	0.0	0	16.7	0	0
2022-07-10T20:29	0.0	0	0.0	0	0.0	0	0.0	0	16.7	0	0
2022-07-10T20:30	0.0	0	0.0	0	0.0	0	0.0	0	16.7	0	0
2022-07-10T20:31	0.0	0	0.0	0	0.0	0	0.0	0	16.7	0	0
2022-07-10T20:32	0.0	0	0.0	0	0.0	0	0.0	0	16.7	0	0
2022-07-10T20:33	0.0	0	0.0	0	0.0	0	0.0	0	16.7	0	0
2022-07-10T20:34	0.0	0	0.0	0	0.0	0	0.0	0	16.7	0	0
2022-07-10T20:35	0.0	0	0.0	0	0.0	0	0.0	0	16.7	0	0
2022-07-10T20:36	0.0	0	0.0	0	0.0	0	0.0	0	16.7	0	0
2022-07-10T20:37	0.0	0	0.0	0	0.0	0	0.0	0	16.7	0	0
2022-07-10T20:38	0.0	0	0.0	0	0.0	0	0.0	0	16.7	0	0
2022-07-10T20:39	0.0	0	0.0	0	0.0	0	0.0	0	16.7	0	0
2022-07-10T20:40	0.0	0	0.0	0	0.0	0	0.0	0	16.7	0	0
2022-07-10T20:41	0.0	0	0.0	0	0.0	0	0.0	0	16.6	0	0
2022-07-10T20:42	0.0	0	0.0	0	0.0	0	0.0	0	16.6	0	0
2022-07-10T20:43	0.0	0	0.0	0	0.0	0	0.0	0	16.6	0	0
2022-07-10T20:44	0.0	0	0.0	0	0.0	0	0.0	0	16.6	0	0
2022-07-10T20:45	0.0	0	0.0	0	0.0	0	0.0	0	16.6	0	0
2022-07-10T20:46	0.0	0	0.0	0	0.0	0	0.0	0	16.6	0	0
2022-07-10T20:47	0.0	0	0.0	0	0.0	0	0.0	0	16.6	0	0
2022-07-10T20:48	0.0	0	0.0	0	0.0	0	0.0	0	16.6	0	0
2022-07-10T20:49	0.0	0	0.0	0	0.0	0	0.0	0	16.6	0	0
2022-07-10T20:50	0.0	0	0.0	0	0.0	0	0.0	0	16.6	0	0
2022-07-10T20:51	0.0	0	0.0	0	0.0	0	0.0	0	16.6	0	0
2022-07-10T20:52	0.0	0	0.0	0	0.0	0	0.0	0	16.6	0	0
2022-07-10T20:53	0.0	0	0.0	0	0.0	0	0.0	0	16.6	0	0
2022-07-10T20:54	0.0	0	0.0	0	0.0	0	0.0	0	16.6	0	0
2022-07-10T20:55	0.0	0	0.0	0	0.0	0	0.0	0	16.6	0	0
2022-07-10T20:56	0.0	0	0.0	0	0.0	0	0.0	0	16.6	0	0
2022-07-10T20:57	0.0	0	0.0	0	0.0	0	0.0	0	16.6	0	0
2022-07-10T20:58	0.0	0	0.0	0	0.0	0	0.0	0	16.6	0	0
2022-07-10T20:59	0.0	0	0.0	0	0.0	0	0.0	0	16.6	0	0
2022-07-10T21:00	0.0	0	0.0	0	0.0	0	0.0	0	16.6	0	0
2022-07-10T21:01	0.0	0	0.0	0	0.0	0	0.0	0	16.6	0	0
2022-07-10T21:02	0.0	0	0.0	0	0.0	0	0.0	0	16.5	0	0
2022-07-10T21:03	0.0	0	0.0	0	0.0	0	0.0	0	16.5	0	0
2022-07-10T21:04	0.0	0	0.0	0	0.0	0	0.0	0	16.5	0	0
2022-07-10T21:05	0.0	0	0.0	0	0.0	0	0.0	0	16.5	0	0
2022-07-10T21:06	0.0	0	0.0	0	0.0	0	0.0	0	16.5	0	0
2022-07-10T21:07	0.0	0	0.0	0	0.0	0	0.0	0	16.5	0	0
2022-07-10T21:08	0.0	0	0.0	0	0.0	0	0.0	0	16.5	0	0
2022-07-10T21:09	0.0	0	0.0	0	0.0	0	0.0	0	16.5	0	0
2022-07-10T21:10	0.0	0	0.0	0	0.0	0	0.0	0	16.5	0	0
2022-07-10T21:11	0.0	0	0.0	0	0.0	0	0.0	0	16.5	0	0
2022-07-10T21:12	0.0	0	0.0	0	0.0	0	0.0	0	16.5	0	0
2022-07-10T21:13	0.0	0	0.0	0	0.0	0	0.0	0	16.5	0	0
2022-07-10T21:14	0.0	0	0.0	0	0.0	0	0.0	0	16.5	0	0
2022-07-10T21:15	0.0	0	0.0	0	0.0	0	0.0	0	16.5	0	0
2022-07-10T21:16	0.0	0	0.0	0	0.0	0	0.0	0	16.5	0	0
2022-07-10T21:17	0.0	0	0.0	0	0.0	0	0.0	0	16.5	0	0
2022-07-10T21:18	0.0	0	0.0	0	0.0	0	0.0	0	16.5	0	0
2022-07-10T21:19	0.0	0	0.0	0	0.0	0	0.0	0	16.5	0	0
2022-07-10T21:20	0.0	0	0.0	0	0.0	0	0.0	0	16.5	0	0
2022-07-10T21:21	0.0	0	0.0	0	0.0	0	0.0	0	16.5	0	0
2022-07-10T21:22	0.0	0	0.0	0	0.0	0	0.0	0	16.5	0	0
2022-07-10T21:23	0.0	0	0.0	0	0.0	0	0.0	0	16.5	0	0
2022-07-10T21:24	0.0	0	0.0	0	0.0	0	0.0	0	16.5	0	0
2022-07-10T21:25	0.0	0	0.0	0	0.0	0	0.0	0	16.5	0	0
2022-07-10T21:26	0.0	0	0.0	0	0.0	0	0.0	0	16.5	0	0
2022-07-10T21:27	0.0	0	0.0	0	0.0	0	0.0	0	16.5	0	0
2022-07-10T21:28	0.0	0	0.0	0	0.0	0	0.0	0	16.5	0	0
2022-07-10T21:29	0.0	0	0.0	0	0.0	0	0.0	0	16.5	0	0
2022-07-10T21:30	0.0	0	0.0	0	0.0	0	0.0	0	16.5	0	0
2022-07-10T21:31	0.0	0	0.0	0	0.0	0	0.0	0	16.6	0	0
2022-07-10T21:32	0.0	0	0.0	0	0.0	0	0.0	0	16.6	0	0
2022-07-10T21:33	0.0	0	0.0	0	0.0	0	0.0	0	16.6	0	0
2022-07-10T21:34	0.0	0	0.0	0	0.0	0	0.0	0	16.6	0	0
2022-07-10T21:35	0.0	0	0.0	0	0.0	0	0.0	0	16.6	0	0
2022-07-10T21:36	0.0	0	0.0	0	0.0	0	0.0	0	16.6	0	0
2022-07-10T21:37	0.0	0	0.0	0	0.0	0	0.0	0	16.6	0	0
2022-07-10T21:38	0.0	0	0.0	0	0.0	0	0.0	0	16.6	0	0
2022-07-10T21:39	0.0	0	0.0	0	0.0	0	0.0	0	16.6	0	0
2022-07-10T21:40	0.0	0	0.0	0	0.0	0	0.0	0	16.6	0	0
2022-07-10T21:41	0.0	0	0.0	0	0.0	0	0.0	0	16.6	0	0
2022-07-10T21:42	0.0	0	0.0	0	0.0	0	0.0	0	16.6	0	0
2022-07-10T21:43	0.0	0	0.0	0	0.0	0	0.0	0	16.6	0	0
2022-07-10T21:44	0.0	0	0.0	0	0.0	0	0.0	0	16.6	0	0
2022-07-10T21:45	0.0	0	0.0	0	0.0	0	0.0	0	16.6	0	0
2022-07-10T21:46	0.0	0	0.0	0	0.0	0	0.0	0	16.6	0	0
2022-07-10T21:47	0.0	0	0.0	0	0.0	0	0.0	0	16.6	0	0
2022-07-10T21:48	0.0	0	0.0	0	0.0	0	0.0	0	16.6	0	0
2022-07-10T21:49	0.0	0	0.0	0	0.0	0	0.0	0	16.6	0	0
2022-07-10T21:50	0.0	0	0.0	0	0.0	0	0.0	0	16.6	0	0
2022-07-10T21:51	0.0	0	0.0	0	0.0	0	0.0	0	16.6	0	0
2022-07-10T21:52	0.0	0	0.0	0	0.0	0	0.0	0	16.6	0	0
2022-07-10T21:53	0.0	0	0.0	0	0.0	0	0.0	0	16.6	0	0
2022-07-10T21:54	0.0	0	0.0	0	0.0	0	0.0	0	16.6	0	0
2022-07-10T21:55	0.0	0	0.0	0	0.0	0	0.0	0	16.6	0	0
2022-07-10T21:56	0.0	0	0.0	0	0.0	0	0.0	0	16.6	0	0
2022-07-10T21:57	0.0	0	0.0	0	0.0	0	0.0	0	16.6	0	0
2022-07-10T21:58	0.0	0	0.0	0	0.0	0	0.0	0	16.6	0	0
2022-07-10T21:59	0.0	0	0.0	0	0.0	0	0.0	0	16.6	0	0
2022-07-10T22:00	0.0	0	0.0	0	0.0	0	0.0	0	16.6	0	0
2022-07-10T22:01	0.0	0	0.0	0	0.0	0	0.0	0	16.6	0	0
2022-07-10T22:02	0.0	0	0.0	0	0.0	0	0.0	0	16.6	0	0
2022-07-10T22:03	0.0	0	0.0	0	0.0	0	0.0	0	16.6	0	0
2022-07-10T22:04	0.0	0	0.0	0	0.0	0	0.0	0	16.6	0	0
2022-07-10T22:05	0.0	0	0.0	0	0.0	0	0.0	0	16.6	0	0
2022-07-10T22:06	0.0	0	0.0	0	0.0	0	0.0	0	16.6	0	0
2022-07-10T22:07	0.0	0	0.0	0	0.0	0	0.0	0	16.6	0	0
2022-07-10T22:08	0.0	0	0.0	0	0.0	0	0.0	0	16.6	0	0
2022-07-10T22:09	0.0	0	0.0	0	0.0	0	0.0	0	16.6	0	0
2022-07-10T22:10	0.0	0	0.0	0	0.0	0	0.0	0	16.6	0	0
2022-07-10T22:11	0.0	0	0.0	0	0.0	0	0.0	0	16.6	0	0
2022-07-10T22:12	0.0	0	0.0	0	0.0	0	0.0	0	16.5	0	0
2022-07-10T22:13	0.0	0	0.0	0	0.0	0	0.0	0	16.5	0	0
2022-07-10T22:14	0.0	0	0.0	0	0.0	0	0.0	0	16.5	0	0
2022-07-10T22:15	0.0	0	0.0	0	0.0	0	0.0	0	16.5	0	0
2022-07-10T22:16	0.0	0	0.0	0	0.0	0	0.0	0	16.5	0	0
2022-07-10T22:17	0.0	0	0.0	0	0.0	0	0.0	0	16.5	0	0
2022-07-10T22:18	0.0	0	0.0	0	0.0	0	0.0	0	16.5	0	0
2022-07-10T22:19	0.0	0	0.0	0	0.0	0	0.0	0	16.4	0	0
2022-07-10T22:20	0.0	0	0.0	0	0.0	0	0.0	0	16.4	0	0
2022-07-10T22:21	0.0	0	0.0	0	0.0	0	0.0	0	16.4	0	0
2022-07-10T22:22	0.0	0	0.0	0	0.0	0	0.0	0	16.4	0	0
2022-07-10T22:23	0.0	0	0.0	0	0.0	0	0.0	0	16.3	0	0
2022-07-10T22:24	0.0	0	0.0	0	0.0	0	0.0	0	16.3	0	0
2022-07-10T22:25	0.0	0	0.0	0	0.0	0	0.0	0	16.3	0	0
2022-07-10T22:26	0.0	0	0.0	0	0.0	0	0.0	0	16.3	0	0
2022-07-10T22:27	0.0	0	0.0	0	0.0	0	0.0	0	16.2	0	0
2022-07-10T22:28	0.0	0	0.0	0	0.0	0	0.0	0	16.2	0	0
2022-07-10T22:29	0.0	0	0.0	0	0.0	0	0.0	0	16.2	0	0
2022-07-10T22:30	0.0	0	0.0	0	0.0	0	0.0	0	16.2	0	0
2022-07-10T22:31	0.0	0	0.0	0	0.0	0	0.0	0	16.2	0	0
2022-07-10T22:32	0.0	0	0.0	0	0.0	0	0.0	0	16.1	0	0
2022-07-10T22:33	0.0	0	0.0	0	0.0	0	0.0	0	16.1	0	0
2022-07-10T22:34	0.0	0	0.0	0	0.0	0	0.0	0	16.1	0	0
2022-07-10T22:35	0.0	0	0.0	0	0.0	0	0.0	0	16.1	0	0
2022-07-10T22:36	0.0	0	0.0	0	0.0	0	0.0	0	16.1	0	0
2022-07-10T22:37	0.0	0	0.0	0	0.0	0	0.0	0	16.1	0	0
2022-07-10T22:38	0.0	0	0.0	0	0.0	0	0.0	0	16.1	0	0
2022-07-10T22:39	0.0	0	0.0	0	0.0	0	0.0	0	16.1	0	0
2022-07-10T22:40	0.0	0	0.0	0	0.0	0	0.0	0	16.1	0	0
2022-07-10T22:41	0.0	0	0.0	0	0.0	0	0.0	0	16.1	0	0
2022-07-10T22:42	0.0	0	0.0	0	0.0	0	0.0	0	16.1	0	0
2022-07-10T22:43	0.0	0	0.0	0	0.0	0	0.0	0	16.1	0	0
2022-07-10T22:44	0.0	0	0.0	0	0.0	0	0.0	0	16.1	0	0
2022-07-10T22:45	0.0	0	0.0	0	0.0	0	0.0	0	16.1	0	0
2022-07-10T22:46	0.0	0	0.0	0	0.0	0	0.0	0	16.1	0	0
2022-07-10T22:47	0.0	0	0.0	0	0.0	0	0.0	0	16.0	0	0
2022-07-10T22:48	0.0	0	0.0	0	0.0	0	0.0	0	16.0	0	0
2022-07-10T22:49	0.0	0	0.0	0	0.0	0	0.0	0	16.0	0	0
2022-07-10T22:50	0.0	0	0.0	0	0.0	0	0.0	0	16.0	0	0
2022-07-10T22:51	0.0	0	0.0	0	0.0	0	0.0	0	16.0	0	0
2022-07-10T22:52	0.0	0	0.0	0	0.0	0	0.0	0	16.0	0	0
2022-07-10T22:53	0.0	0	0.0	0	0.0	0	0.0	0	16.0	0	0
2022-07-10T22:54	0.0	0	0.0	0	0.0	0	0.0	0	16.0	0	0
2022-07-10T22:55	0.0	0	0.0	0	0.0	0	0.0	0	16.0	0	0
2022-07-10T22:56	0.0	0	0.0	0	0.0	0	0.0	0	16.0	0	0
2022-07-10T22:57	0.0	0	0.0	0	0.0	0	0.0	0	16.0	0	0
2022-07-10T22:58	0.0	0	0.0	0	0.0	0	0.0	0	15.9	0	0
2022-07-10T22:59	0.0	0	0.0	0	0.0	0	0.0	0	15.9	0	0
2022-07-10T23:00	0.0	0	0.0	0	0.0	0	0.0	0	15.9	0	0
2022-07-10T23:01	0.0	0	0.0	0	0.0	0	0.0	0	15.9	0	0
2022-07-10T23:02	0.0	0	0.0	0	0.0	0	0.0	0	15.8	0	0
2022-07-10T23:03	0.0	0	0.0	0	0.0	0	0.0	0	15.8	0	0
2022-07-10T23:04	0.0	0	0.0	0	0.0	0	0.0	0	15.8	0	0
2022-07-10T23:05	0.0	0	0.0	0	0.0	0	0.0	0	15.8	0	0
2022-07-10T23:06	0.0	0	0.0	0	0.0	0	0.0	0	15.7	0	0
2022-07-10T23:07	0.0	0	0.0	0	0.0	0	0.0	0	15.7	0	0
2022-07-10T23:08	0.0	0	0.0	0	0.0	0	0.0	0	15.7	0	0
2022-07-10T23:09	0.0	0	0.0	0	0.0	0	0.0	0	15.7	0	0
2022-07-10T23:10	0.0	0	0.0	0	0.0	0	0.0	0	15.6	0	0
2022-07-10T23:11	0.0	0	0.0	0	0.0	0	0.0	0	15.6	0	0
2022-07-10T23:12	0.0	0	0.0	0	0.0	0	0.0	0	15.6	0	0
2022-07-10T23:13	0.0	0	0.0	0	0.0	0	0.0	0	15.6	0	0
2022-07-10T23:14	0.0	0	0.0	0	0.0	0	0.0	0	15.6	0	0
2022-07-10T23:15	0.0	0	0.0	0	0.0	0	0.0	0	15.5	0	0
2022-07-10T23:16	0.0	0	0.0	0	0.0	0	0.0	0	15.5	0	0
2022-07-10T23:17	0.0	0	0.0	0	0.0	0	0.0	0	15.5	0	0
2022-07-10T23:18	0.0	0	0.0	0	0.0	0	0.0	0	15.5	0	0
2022-07-10T23:19	0.0	0	0.0	0	0.0	0	0.0	0	15.5	0	0
2022-07-10T23:20	0.0	0	0.0	0	0.0	0	0.0	0	15.4	0	0
2022-07-10T23:21	0.0	0	0.0	0	0.0	0	0.0	0	15.4	0	0
2022-07-10T23:22	0.0	0	0.0	0	0.0	0	0.0	0	15.4	0	0
2022-07-10T23:23	0.0	0	0.0	0	0.0	0	0.0	0	15.4	0	0
2022-07-10T23:24	0.0	0	0.0	0	0.0	0	0.0	0	15.4	0	0
2022-07-10T23:25	0.0	0	0.0	0	0.0	0	0.0	0	15.3	0	0
2022-07-10T23:26	0.0	0	0.0	0	0.0	0	0.0	0	15.3	0	0
2022-07-10T23:27	0.0	0	0.0	0	0.0	0	0.0	0	15.3	0	0
2022-07-10T23:28	0.0	0	0.0	0	0.0	0	0.0	0	15.3	0	0
2022-07-10T23:29	0.0	0	0.0	0	0.0	0	0.0	0	15.3	0	0
2022-07-10T23:30	0.0	0	0.0	0	0.0	0	0.0	0	15.3	0	0
2022-07-10T23:31	0.0	0	0.0	0	0.0	0	0.0	0	15.3	0	0
2022-07-10T23:32	0.0	0	0.0	0	0.0	0	0.0	0	15.3	0	0
2022-07-10T23:33	0.0	0	0.0	0	0.0	0	0.0	0	15.2	0	0
2022-07-10T23:34	0.0	0	0.0	0	0.0	0	0.0	0	15.2	0	0
2022-07-10T23:35	0.0	0	0.0	0	0.0	0	0.0	0	15.2	0	0
2022-07-10T23:36	0.0	0	0.0	0	0.0	0	0.0	0	15.2	0	0
2022-07-10T23:37	0.0	0	0.0	0	0.0	0	0.0	0	15.2	0	0
2022-07-10T23:38	0.0	0	0.0	0	0.0	0	0.0	0	15.2	0	0
2022-07-10T23:39	0.0	0	0.0	0	0.0	0	0.0	0	15.1	0	0
2022-07-10T23:40	0.0	0	0.0	0	0.0	0	0.0	0	15.1	0	0
2022-07-10T23:41	0.0	0	0.0	0	0.0	0	0.0	0	15.1	0	0
2022-07-10T23:42	0.0	0	0.0	0	0.0	0	0.0	0	15.1	0	0
2022-07-10T23:43	0.0	0	0.0	0	0.0	0	0.0	0	15.1	0	0
2022-07-10T23:44	0.0	0	0.0	0	0.0	0	0.0	0	15.1	0	0
2022-07-10T23:45	0.0	0	0.0	0	0.0	0	0.0	0	15.1	0	0
2022-07-10T23:46	0.0	0	0.0	0	0.0	0	0.0	0	15.1	0	0
2022-07-10T23:47	0.0	0	0.0	0	0.0	0	0.0	0	15.1	0	0
2022-07-10T23:48	0.0	0	0.0	0	0.0	0	0.0	0	15.1	0	0
2022-07-10T23:49	0.0	0	0.0	0	0.0	0	0.0	0	15.1	0	0
2022-07-10T23:50	0.0	0	0.0	0	0.0	0	0.0	0	15.1	0	0
2022-07-10T23:51	0.0	0	0.0	0	0.0	0	0.0	0	15.1	0	0
2022-07-10T23:52	0.0	0	0.0	0	0.0	0	0.0	0	15.1	0	0
2022-07-10T23:53	0.0	0	0.0	0	0.0	0	0.0	0	15.1	0	0
2022-07-10T23:54	0.0	0	0.0	0	0.0	0	0.0	0	15.2	0	0
2022-07-10T23:55	0.0	0	0.0	0	0.0	0	0.0	0	15.2	0	0
2022-07-10T23:56	0.0	0	0.0	0	0.0	0	0.0	0	15.2	0	0
2022-07-10T23:57	0.0	0	0.0	0	0.0	0	0.0	0	15.2	0	0
2022-07-10T23:58	0.0	0	0.0	0	0.0	0	0.0	0	15.2	0	0
2022-07-10T23:59	0.0	0	0.0	0	0.0	0	0.0	0	15.2	0	0
